,0,1,2,3,4,5,6,7,8,9,10,11,12,13,14,15,16,17,18,19,20,21,22,23,24,25,26,27,28,29,30,31,32,33,34,35,36,37,38,39,40,41,42,43,44,45,46,47,48,49,50,51,52,53,54,55,56,57,58,59,60,61,62,63
0,5.720460563932559,3.4994358963800976e-05,-9.655327549010739e-05,-0.00012614360855276035,0.00019223379419668575,2.2249309289603643e-05,3.442847391876322e-05,0.00013525702943077586,1.512691280998812e-05,-0.00012164659438999051,-4.790598948622501e-05,0.00012541812556423866,2.9165445590651568e-05,4.50271346905937e-05,0.00030302119988111654,0.00018157154531219175,0.000123684309217288,7.250210571990205e-05,-5.908892910952886e-05,-2.41466461508161e-06,0.00022993037147522375,0.00015996971143916324,0.0003163248396012384,-6.786155211597916e-05,0.00017769326415195333,1.2851715568759172e-05,-0.00013623413344610394,-0.00015940616353447504,-5.442360424444457e-05,-0.0001482602416339345,0.00021823231320226011,9.979041838481184e-05,-0.00014464202608239896,-8.403460641203832e-05,-0.00021655229315676718,0.00018256112095112282,0.00023798682588891876,7.119473241963264e-05,-9.95265221355945e-05,-0.00029135279909153555,0.00043101942143631086,-0.00020244599741954143,-3.690584166604359e-05,0.00012502173874399532,0.0001037689397822988,0.00013485348052282194,-0.00010841903277666831,9.36889911775048e-05,-6.434039308369944e-05,-6.8211119826890396e-06,-0.0004059824569092286,-0.00025181290140088874,-0.0001370848742605446,0.0001639992744765414,-5.555840450467361e-05,0.0001079129436851722,4.992514942809381e-05,-0.00026731567913375906,6.106039160923029e-05,-1.9984003430094127e-05,-3.973653286737914e-05,-6.324415352943962e-05,0.00010048392843401403,-3.316964159235562e-06
1,3.4994358963800976e-05,6.533713591383624,-0.0001257646235075487,-0.00010701838381804364,-2.442506772351931e-05,4.694481857661959e-06,0.00018051684021525014,0.0002369609133346028,-1.351167436720682e-06,7.581799056277155e-05,-0.0001845890143389493,9.028556892233395e-07,0.00029277389187492463,5.619757015828764e-05,7.304074583492926e-05,0.00016791887482540084,-0.000161646857022435,-0.00010351432987722242,0.0001347027315524361,-0.0006650862338545384,-0.00013996226748412427,-0.0006324804899550291,4.9904797312986225e-05,-0.00033968892269634727,0.000177158823643258,5.1545190547532636e-05,-1.4854515700366737e-05,-9.477568412793349e-05,-9.311704882086868e-05,8.879032940641482e-05,-0.00017609995684977022,6.262745829815398e-05,-7.447173582388429e-06,-0.0001252234239430838,9.680726932194243e-05,0.0003374189278928912,7.140629823589168e-05,-0.00023835271634243537,0.00014678659967407658,-0.000310374173247857,0.00036385671252688495,1.0608368090248182e-05,8.23599508461085e-05,-0.00031875925344829187,-0.00020087055229812772,0.00020761880348243043,-6.900429234016232e-05,-0.00013743952658905223,-0.00011691211109687089,2.5072918673171206e-05,1.8649717891408633e-06,0.00025101642089303864,-0.0001717983251196016,9.55110721167496e-06,-0.00012921733343298572,-0.00021537460772532132,-5.9912484906312374e-05,-0.0002744182745792859,-0.00010916351343067726,0.0003143793665356498,-3.011453241204835e-05,0.0001105187428114379,0.0002766787721556592,-8.7105080980748e-05
2,-9.655327549010739e-05,-0.0001257646235075487,7.16030409003056,0.00023693706545833344,0.00030387145831547687,-0.00016896394690018638,0.00021855734290077364,-0.0002596962203315712,-3.538026361472443e-05,-0.0001285105407390772,0.00020247871983537075,-0.0001374740443329312,0.00010419970924717074,-1.2389917682324055e-05,0.00021964055788360198,0.0005016479553588259,0.00010441951716306819,0.00044110394254880255,1.9436262380901598e-07,0.00016149036478677728,6.662761703661383e-05,0.0004571630516169796,8.882756017552124e-05,0.00010085709983993741,-0.0003185616644626895,2.2070869373565617e-05,0.00020617040642544114,3.3756993618990146e-05,0.0001264054933540714,0.0002773328274170438,-2.957715387270321e-05,0.0001707433903078678,5.239445125598104e-05,0.00030978264068516425,0.00016736238677275968,0.00024866601563020035,-0.00011018675791204526,-0.0003566104280060089,-0.00016390311128625104,4.275944154690889e-05,9.590797270216044e-05,-0.00014118038352204168,-0.00011941930288430403,-4.92946771773546e-05,-4.980310780074458e-05,-6.15202119115433e-05,-6.25954544877809e-05,-3.673613942805052e-05,-3.9798610779117896e-05,0.00019448204391623835,-0.0001481570996101156,0.00018549924192111752,-0.00018428365327093709,4.1199167718995e-05,-6.582209426898048e-07,-5.0201551783218925e-06,-0.00011272910337289225,0.0001270065825992548,5.369128977637155e-05,-0.00021211569639771954,1.7108823700539247e-06,-0.00010508215477122949,0.0003011775643284645,8.12278176327102e-05
3,-0.00012614360855276035,-0.00010701838381804364,0.00023693706545833344,4.836524594243152,-0.00020373420947297812,-0.0002661945617725961,-1.56966681646709e-05,6.444773463651057e-05,4.058929118629174e-05,-0.00027591436606396575,-0.00013589437384928658,-0.00019866476985522965,3.7630959335714855e-05,-0.00011564419705995244,0.00019471568169986838,-8.72225162388251e-05,0.00024545477580759095,0.00018237218831775227,-0.00015296703576394237,6.156032294734667e-05,-4.3217927007035495e-05,-0.00015424927902086142,-5.2936520223013704e-05,-6.56291071802092e-05,-4.219995792427823e-05,-0.0002848968661204715,0.00015127786009561553,4.8416324073551216e-05,-0.00027507085045280945,5.4010994857839284e-05,-0.00020984790118705444,3.0758855926072625e-05,0.00014225254276403938,0.00013278852876787769,2.6637510987818206e-05,0.0001992672948668517,-1.2303446503652711e-05,0.00012993678610278889,0.00015046145199853645,3.317450917500889e-05,-8.054015169324767e-05,4.717763749359097e-05,0.00015183422211486803,-8.375402831010117e-05,4.416952165186463e-05,-2.340832069968963e-05,0.0001366594991184164,6.822790382597546e-05,-0.00018905716675846033,0.0002239335126799081,0.00010445856292330856,-8.056890716385345e-05,0.00018929763286224113,1.038615412120766e-05,-0.00011381506883114823,4.8548709195089275e-05,0.0002215556254436543,8.865245848097705e-05,-6.827569470731047e-05,9.600009050516702e-05,2.3774434327997727e-05,-0.0001927472548731827,-1.3954951207073588e-05,-9.445307672853554e-05
4,0.00019223379419668575,-2.442506772351931e-05,0.00030387145831547687,-0.00020373420947297812,8.760194282452206,-0.0002521651817097022,-9.48625987229837e-05,1.2744290509583985e-05,5.179386502233214e-05,2.4639423325291534e-05,-0.00011043588421808401,6.9480801965127e-05,-0.0001833503568710028,0.00010493730488493575,-0.0002065322085953839,-8.865587879544567e-05,3.163589572225948e-05,5.127923938496055e-05,-0.0001213486566260127,-7.611926393285e-05,-0.0005080665962350983,0.00017499098605438333,-0.00013725258970776199,0.0002428200014188003,0.00018571255983393004,-4.8851974989200544e-05,-0.0006492199234809844,-0.0004056975279839843,-0.0001251299386861274,-9.169740740903606e-05,-3.15610703499726e-05,-2.8526385117589207e-05,0.00029031152429103406,-0.00027529164637610275,-0.0002216568853434167,8.639916046913315e-05,0.0001420957655072103,-6.496282969320993e-05,-0.0001135619749863913,0.00018668033095591049,0.00014323539491099984,-1.2427077385031051e-05,-0.00047750692782561424,-0.00029152338760151655,-6.0544558764345606e-05,0.00015238860698807492,-3.2069980033220566e-05,-0.00019091106724174016,-5.930360246476996e-05,-4.997456594732968e-05,3.212745636011937e-05,0.0001975073026423853,-7.86435135437346e-05,-5.1193406287682916e-05,-0.00010682386341065996,8.212963311871297e-05,0.00012425769749820856,2.62640236239777e-05,0.00011133217205801612,-0.00018101671671363068,-6.448219293560064e-05,8.152803060622645e-05,0.0003590659974964037,-3.780154307186959e-05
5,2.2249309289603643e-05,4.694481857661959e-06,-0.00016896394690018638,-0.0002661945617725961,-0.0002521651817097022,5.604134899726179,-4.8774833560856127e-05,-0.00012271063610085281,6.226491786675198e-05,0.00012348477209246872,0.00010253105500196888,3.451877673584261e-05,6.828305493703722e-05,0.00018170662730147437,0.0002504931187359415,-7.163928160087963e-06,0.0002425196269035327,-0.00024068693486080551,-6.306248966099669e-05,5.2068195486885865e-05,-7.13042945124972e-05,-0.0002799543445619307,0.00017620677121351843,7.627890991575341e-05,0.00036091788730871065,-0.00017253338849558368,-5.6456542407685854e-05,-0.0001599938707465245,7.79289324590381e-05,0.00015470598916897244,-6.207971526227497e-05,6.438706444097018e-05,2.7462859663046094e-05,9.992898435597726e-05,-2.716099632377151e-05,8.479477047861333e-05,0.0001580690046137644,-0.000680256480050214,0.00012573088892618974,-0.00029698849918239094,-0.0001108544953296786,-0.00012455041755876336,0.0005536818556416554,-0.0001730748327922305,7.920540223347243e-05,-5.9867845031402275e-05,-0.00016257962663337165,-0.0002832839898666921,-4.371851290744739e-05,-0.00022237594747168571,-8.834832873690458e-05,0.0002987630024236807,-1.5195294040961897e-05,1.559104364875662e-05,0.0001613862606632672,-0.00011289338408694528,4.938799350694607e-05,-2.9528728427454852e-05,5.612692143304776e-05,1.212279360535999e-05,-5.9619217592283194e-05,-9.57478929116532e-05,-0.0003824163617052466,-9.180895438977764e-05
6,3.442847391876322e-05,0.00018051684021525014,0.00021855734290077364,-1.56966681646709e-05,-9.48625987229837e-05,-4.8774833560856127e-05,2.8460785742096197,0.00032193499289551235,3.6000583150176484e-05,-6.762459002930359e-05,4.590439741533009e-05,-7.97634106439461e-05,-5.8781803524146144e-05,2.7465341577998063e-05,3.146098515801325e-05,2.3761137285011252e-05,0.00010007677996233523,-5.970442294844371e-05,0.00012323462710742944,-8.475514029370224e-05,0.00019551513657234705,0.00011865831680985447,-7.539920894134818e-05,7.098673977625966e-05,-5.7275199775191395e-05,-4.041489006811637e-06,-4.564303297685625e-06,3.4295094139816733e-05,-4.744145600396479e-05,-0.0001724030135752405,-3.343134199005168e-05,0.00010509320029847047,-3.4476538921941036e-05,-3.4812340545177654e-05,0.00012143889867127058,5.8161573976140775e-06,4.188842721034534e-05,9.351978385238538e-05,-1.9555654764625397e-05,-1.4774270808260754e-05,8.955977556696151e-05,-4.784832026491792e-05,-5.72464328145302e-05,2.5887222848446508e-05,-7.092934439151299e-05,-7.588675351975385e-05,6.690481218854366e-05,-7.62999622091413e-05,7.948400394763817e-05,-0.00015637530987788357,0.00013059954058156762,9.878446035465715e-05,2.2270080567483242e-05,7.482396142943763e-05,-2.533052340225032e-06,3.700780007643218e-05,-9.056209693563201e-05,-1.9874334126865383e-05,0.00011845030575752864,8.09350702849805e-05,-2.372424680885072e-05,1.1307505101094102e-05,-0.0001917081499080836,0.00012474015975325842
7,0.00013525702943077586,0.0002369609133346028,-0.0002596962203315712,6.444773463651057e-05,1.2744290509583985e-05,-0.00012271063610085281,0.00032193499289551235,3.5448950140435627,-1.4409718251482889e-05,4.8552097844484914e-05,5.8584811057761994e-05,-2.0599692474833792e-05,0.0001712906960594691,-0.00011824348494948062,6.903495536367382e-05,9.558680123281396e-05,-7.19046343047056e-05,-7.870070752594166e-05,-4.339773622143449e-05,-0.00022341255465659836,7.66581412035449e-05,0.00022957310171278493,9.654076055966929e-05,2.327624371713362e-05,9.922633441799429e-05,-3.7988610704279576e-05,-0.00012122231532352299,-4.3868832340804645e-05,9.000057554085984e-05,1.7413033135649888e-05,-5.1786515888647e-06,0.00029699285184876236,1.1043153471271401e-05,-0.00022967730771542136,-2.007223541947263e-05,-0.00021665830842230711,-0.00035951801499526894,-2.9086141336385367e-05,0.00014248025934206362,-6.805718636327934e-05,-0.00010535610990560384,2.116311772546462e-05,-0.00010049922368763028,-0.00013182224474551574,-3.9485941934847936e-05,-9.915159187136157e-06,-3.870510706753747e-06,-3.037183167823792e-05,3.9070230131954865e-05,0.0001686039848948572,-1.566587141358607e-05,-2.808404376413355e-05,-5.0770283588164104e-05,2.86510525907976e-05,-0.0002145388061258275,6.879153184323876e-05,7.193846973503558e-05,7.100655477080303e-05,0.00020877234967824477,-3.50555648282702e-05,-5.097102513637274e-05,-7.794594200510104e-05,0.00019102517408341993,-9.772824693154116e-05
8,1.512691280998812e-05,-1.351167436720682e-06,-3.538026361472443e-05,4.058929118629174e-05,5.179386502233214e-05,6.226491786675198e-05,3.6000583150176484e-05,-1.4409718251482889e-05,0.4230292349886396,1.6323291683259146e-05,-2.9690386796489032e-05,6.431458430172119e-06,-1.9437707164438705e-05,8.300025831954296e-05,3.633487500473817e-05,-7.414326738728027e-05,-4.437673275959783e-06,8.472763517957501e-05,2.675843798060383e-05,1.3372398252886979e-05,-1.1274150195907722e-06,-8.668956829127009e-06,-2.5675333122885377e-05,-2.154147849862005e-05,1.4891632543887534e-05,2.3512504495617006e-05,3.606344574032242e-05,4.984751792232365e-05,-5.341488423846045e-05,-1.1482498408412382e-05,3.0194851450885657e-05,-8.198110843161308e-05,2.1178338300779168e-05,-1.2036757936353861e-05,-5.784542131584625e-06,-2.161634549930419e-05,7.064683462534963e-05,4.8621231536102825e-05,0.0001054210979880015,-1.8632980430681684e-06,-5.1951340312088464e-05,-4.0386982523399645e-05,-8.624051385841882e-06,-2.009554783750776e-05,2.5039182622611696e-05,4.73155990921835e-06,2.0228718420331625e-06,2.14656265933754e-05,-5.274824921439576e-05,3.56767421344312e-05,-1.4398878782465623e-05,-3.481938686390824e-05,-3.0727285730893114e-05,1.3143254267316986e-06,6.484056756443917e-05,4.2573455384043016e-05,-5.7361469686277056e-05,-1.137712143650384e-05,7.92429625344731e-06,1.7234130850922635e-05,1.515082863626903e-05,-2.1611049745914246e-05,7.492120100991246e-05,2.2701723650769233e-05
9,-0.00012164659438999051,7.581799056277155e-05,-0.0001285105407390772,-0.00027591436606396575,2.4639423325291534e-05,0.00012348477209246872,-6.762459002930359e-05,4.8552097844484914e-05,1.6323291683259146e-05,3.0003517606625474,-0.00014184997794914207,-0.00015223567346050158,-3.7782830892324965e-07,5.698329842397647e-06,-7.120798139742522e-05,-2.2390242766035574e-05,-2.518988568952078e-05,6.757466908577675e-05,0.00010116800110644736,-0.00013780142557087499,7.787538084646151e-05,-0.00012714431425641585,-0.00016401250047729085,0.00012009331532955425,-1.1166512121296741e-05,0.00011881849553418213,1.192117781706876e-05,-5.841253103923018e-05,0.00023107245199225328,7.283046936987429e-05,-4.800822714685166e-05,6.455870087749012e-05,0.0002913758429539462,0.00012790134578095393,-6.758312493886e-06,0.00015144272774805244,0.00011147047098620639,0.00016182337587611318,-0.00017232974544959556,0.00030408063286945685,0.00012976415264597554,4.680136936441989e-05,0.00017395814642844353,9.169368995316184e-05,8.995377163813831e-05,-3.998591243475267e-06,-0.00010360841064217036,0.0002982633009231883,9.230734406924793e-05,-0.00013442823522732405,0.00022392763230348262,0.0001754566375412603,-5.327875727485945e-05,0.0001582902998303071,-0.0002271369716824324,0.00011378534685998765,-0.0001440219358769692,-1.7871626580714995e-05,-2.5481106244039383e-05,0.0001070303988510394,2.189317478163147e-05,-0.00011400835988820155,-1.575899696088792e-05,5.0089034439058465e-05
10,-4.790598948622501e-05,-0.0001845890143389493,0.00020247871983537075,-0.00013589437384928658,-0.00011043588421808401,0.00010253105500196888,4.590439741533009e-05,5.8584811057761994e-05,-2.9690386796489032e-05,-0.00014184997794914207,3.4854253421716566,-2.426591012728498e-05,-5.494811331968319e-06,-8.692886959018555e-05,-4.052765826454761e-05,-0.00014282624851835108,4.7395263236869154e-05,0.00012968990282419387,2.824145268413507e-05,-2.7375138969258127e-05,-0.00030643093688050233,-0.0004542826179624454,4.806051389687485e-05,-4.897464237959796e-05,-8.314460604900912e-06,5.606089037514293e-05,2.5006144247094943e-06,6.273478092458155e-05,0.00011550602778066064,-5.1817305854388144e-05,-1.6327393934128933e-06,0.00010313554946192127,-3.916911977896676e-05,-0.00017891606403356542,-0.00028268603363453676,-3.263860620823468e-05,-0.00038555575131391613,-0.00021529632852445899,-0.00010878703541055157,-7.262821018442225e-05,-2.546411708808262e-05,2.235095008208087e-05,0.00011944274086771247,2.436840010326465e-05,-0.00023596923986137899,-1.6397386461937232e-05,-3.35144725273863e-05,9.394751124497837e-05,2.9811663288558453e-05,4.070400542127998e-05,6.418897836173564e-05,4.161205865453332e-05,8.259365323682932e-05,-0.00012040507151754924,-0.00014909394807084925,3.6148073685238365e-05,3.416383327099075e-05,3.981998926171745e-05,-3.9769470660144896e-05,0.00020816498836207298,7.7444511014846e-05,-4.828897451412043e-05,-0.00013923411633442646,9.341301505536826e-05
11,0.00012541812556423866,9.028556892233395e-07,-0.0001374740443329312,-0.00019866476985522965,6.9480801965127e-05,3.451877673584261e-05,-7.97634106439461e-05,-2.0599692474833792e-05,6.431458430172119e-06,-0.00015223567346050158,-2.426591012728498e-05,2.606110016363312,1.0348764472460536e-05,8.677330705047567e-05,0.00018111068830317873,2.621957670664218e-05,7.428888708312026e-05,0.00017502071001390118,3.733426443514425e-05,-4.539803322447714e-05,4.0263789393080156e-05,-8.762289141891822e-05,2.967824503320463e-05,-0.00010806192585994735,-0.0001379051988648991,-0.00016094811226291476,0.00018680911835530583,-0.00011934404840985754,-0.00013955008019598896,5.7259256423014754e-05,-8.170062532721461e-06,0.00027771173700200677,-3.005896287243895e-05,9.380601955362573e-05,3.404651564780247e-05,-0.00022920526192628447,0.00022026724130208184,6.956928049472171e-06,-0.00013143026048505985,1.5178814870423614e-05,-4.7266692693393975e-05,2.296841198132994e-05,-5.207477316809686e-05,-0.00012076132213666385,-1.1996635048166746e-05,0.00021105900651248146,6.0935582493660775e-06,-0.00016394383371381782,3.71173946842102e-05,0.000156875564361241,-0.00011145649000728259,0.00016658037975541973,-8.586962960649205e-06,-8.864733350650905e-05,0.00018359893429544113,-3.820986027144017e-05,-0.00020367467130518534,0.00012502995046283333,-4.336675839053766e-05,0.0001228262325996168,-1.0270422118759628e-05,9.679793994934999e-05,-0.00014337080945452248,9.332517877309065e-06
12,2.9165445590651568e-05,0.00029277389187492463,0.00010419970924717074,3.7630959335714855e-05,-0.0001833503568710028,6.828305493703722e-05,-5.8781803524146144e-05,0.0001712906960594691,-1.9437707164438705e-05,-3.7782830892324965e-07,-5.494811331968319e-06,1.0348764472460536e-05,2.702607041770905,-1.1080857046200048e-05,-0.0002487890285372827,-1.2623774019186147e-05,-8.731558478365706e-05,4.816743064464399e-05,0.00014323750228848202,0.0003238468325981581,-0.00016327614119216006,5.8650357165756635e-05,0.00014253665102973386,-5.6415385802064504e-05,-3.5041780981410326e-05,-2.2105146785403828e-05,0.00016188371003283367,7.373694822075349e-05,4.105891004995713e-05,2.5955680027603006e-05,1.8401829976738367e-05,-9.407438842798695e-05,1.2504142494292984e-05,-1.4086951951580208e-05,-2.953133925478569e-05,0.0001407703550686093,0.00012190521553518258,-0.00031470430188999446,0.00017032233598477116,5.695755881638246e-05,-0.00010077284251039003,-2.2830109096933103e-05,-0.00013901060118725296,0.00012596586220742066,0.00020967680280128807,-6.17360440490174e-05,6.641999949416276e-06,-4.687142101423736e-05,1.5062159294308783e-05,-0.000178929855345499,-9.19483919399431e-05,6.85458977432527e-05,-0.00025368735377175196,8.132927276618884e-06,-1.1378839096837833e-05,-7.606054827723607e-06,-9.852784727259135e-05,5.8404595187136384e-05,-2.9340785244474828e-05,-6.451452881064054e-05,6.6041378695795375e-06,0.00012165980508937538,0.00025990701020394926,1.797133669365911e-05
13,4.50271346905937e-05,5.619757015828764e-05,-1.2389917682324055e-05,-0.00011564419705995244,0.00010493730488493575,0.00018170662730147437,2.7465341577998063e-05,-0.00011824348494948062,8.300025831954296e-05,5.698329842397647e-06,-8.692886959018555e-05,8.677330705047567e-05,-1.1080857046200048e-05,4.039482213644433,-5.185523194439911e-06,-0.00014838206377268198,9.998916976122718e-05,0.0003245281239332203,2.5629748975496594e-05,-0.00015203650927511435,0.00012774172030942857,6.552324428687532e-05,0.00021534487976965366,0.00015701045714913627,4.6482828259198545e-05,-0.00013550931035735732,-2.363446768101902e-05,0.00015843662975231562,4.3955416888578036e-05,0.000250006412570418,-3.588312242286028e-05,-0.00022287843694348552,6.628082331484104e-05,2.9698344621925172e-06,6.879354443584594e-05,-0.0001251959096654075,0.00012893454894726764,-5.304245671353971e-05,6.547359556812326e-05,-3.3906768858598306e-05,0.0002165442645105533,-0.00020378118102345685,-0.00025418970379954397,-6.688932776014548e-06,0.00030492456809920487,-3.9056241519500756e-05,4.882747468147507e-05,0.000102666534227584,-0.0001046874624420721,0.0001173087307736492,-8.409589719986833e-05,-0.0002053897826557853,9.019096237326369e-06,-4.7566220582996935e-06,0.00014055607511269895,1.1202751820760741e-05,-0.0002535782455907938,0.00015435138047818178,-6.713010021728314e-05,-1.4573700853866276e-05,-5.3088631838832725e-06,-0.00012061316804334459,-0.0002907456099304342,3.697359429683346e-05
14,0.00030302119988111654,7.304074583492926e-05,0.00021964055788360198,0.00019471568169986838,-0.0002065322085953839,0.0002504931187359415,3.146098515801325e-05,6.903495536367382e-05,3.633487500473817e-05,-7.120798139742522e-05,-4.052765826454761e-05,0.00018111068830317873,-0.0002487890285372827,-5.185523194439911e-06,4.3560840994480685,6.347379984833577e-06,-7.135528267649005e-05,-0.00014665471923308408,-0.00010206272217551537,-0.00018398439916590735,8.932573727246743e-05,0.00014770861988984898,9.985976599299028e-05,0.00013188781433373265,9.977213932799226e-05,2.8058592885085117e-05,-0.00011568585818047485,-6.932406465628292e-05,5.547086604670653e-05,9.675455035425241e-05,-1.9922465945872418e-05,0.00011553172808269297,8.798652451062834e-05,6.56427500685047e-05,-0.000137683618224357,-0.0004274320766669895,-4.703556335253544e-05,0.0003074098571774099,-3.959071245049453e-06,0.00011894917451995258,0.00022104470333673227,-1.0185053521963523e-05,9.556494805760277e-06,-0.0001173179804050055,0.00026576961184262047,3.0305899315020404e-05,-0.00011798739780133065,-8.246357547883062e-05,0.00010867203066299111,-9.887502966878305e-05,-1.8866863635059055e-05,9.214077964496875e-05,0.00012513637212908777,2.2506656523766627e-05,3.474228563134605e-05,-4.4690120487911925e-05,0.00011182905243557855,-8.720899429106025e-05,-8.127455762806381e-05,-0.000356459774900414,-5.350013841367896e-05,-8.549673253577978e-05,-0.00010433412223292114,0.00010334477717314549
15,0.00018157154531219175,0.00016791887482540084,0.0005016479553588259,-8.72225162388251e-05,-8.865587879544567e-05,-7.163928160087963e-06,2.3761137285011252e-05,9.558680123281396e-05,-7.414326738728027e-05,-2.2390242766035574e-05,-0.00014282624851835108,2.621957670664218e-05,-1.2623774019186147e-05,-0.00014838206377268198,6.347379984833577e-06,5.541533914800744,-3.458168426278959e-05,0.0005315343748219744,0.0001173706218032288,-0.00024354368264162168,0.0002748193482921054,4.6635520593092164e-05,0.0001976226519503623,2.5021952581322707e-05,0.0002533787493431412,-0.00015329302719577537,-0.0003769745203429501,-0.00020997093958467425,-0.00014674682391228522,-7.560121720864358e-05,-0.0001225335750577274,-0.0001055030108597955,-0.0001070603280928563,-3.212273969564554e-05,-5.208638292696345e-06,9.14891905948982e-05,4.551402859775657e-05,7.934423644989552e-05,-0.0001202965262955634,-4.3954826246325067e-07,-0.0003140902676716617,2.963827405385952e-05,0.0005129584009048169,-0.00019756400211787804,-0.00030164436316569923,-4.732069118239622e-05,0.00019413321166083158,0.0001415169120724154,5.967833433406454e-05,-0.0004223395065247915,-0.00011936249755574591,-8.679616733465446e-05,-7.994037351969579e-05,-2.605815932033069e-05,-2.999965816032692e-05,-5.148996377922849e-05,-4.1216253869276024e-05,-0.00015786823851792237,7.739398325671758e-05,-0.00032185933945004584,1.4341455578533352e-05,-0.0002468350473366079,-9.628920464783e-05,5.054486342627798e-05
16,0.000123684309217288,-0.000161646857022435,0.00010441951716306819,0.00024545477580759095,3.163589572225948e-05,0.0002425196269035327,0.00010007677996233523,-7.19046343047056e-05,-4.437673275959783e-06,-2.518988568952078e-05,4.7395263236869154e-05,7.428888708312026e-05,-8.731558478365706e-05,9.998916976122718e-05,-7.135528267649005e-05,-3.458168426278959e-05,3.6863560205114707,-5.268432541344446e-05,3.1920344640938556e-05,0.00031760888874352543,6.099145920026832e-06,-4.850151793100409e-05,-0.00023248271489861733,0.000117322342091422,-0.00022600589169352817,-2.40944193070044e-05,-7.907389039039426e-05,5.854901347905919e-05,-0.00023350376240383427,4.7847361298213045e-05,0.00020822419955156938,-0.00015483422150234898,-0.00019401095732908815,-3.8515778157247324e-05,0.00012458331962272813,-6.260026307347832e-05,-0.00014949828041916545,0.00018727301695871588,0.00018296431164179105,-0.00017459394233033528,9.022280136231008e-05,7.356258609011199e-05,-4.3248202702478124e-05,-2.9522275827606226e-06,0.00010214427076058813,2.0977846732732424e-05,-0.0001418250434333171,8.567237083306105e-05,-4.095213310370787e-05,0.00012353347327408612,-6.004072145163972e-05,-2.5267963439895406e-05,-5.84999531801992e-05,-2.7741585866119626e-05,-0.0001103049266062374,0.00010977606338674776,-0.0001373136686353872,-6.009320733808139e-05,-2.9753385273171952e-05,-0.00026759535219264866,2.1394186172904867e-05,-6.945377955747279e-05,-1.1734877066426017e-05,-2.7512515035340575e-05
17,7.250210571990205e-05,-0.00010351432987722242,0.00044110394254880255,0.00018237218831775227,5.127923938496055e-05,-0.00024068693486080551,-5.970442294844371e-05,-7.870070752594166e-05,8.472763517957501e-05,6.757466908577675e-05,0.00012968990282419387,0.00017502071001390118,4.816743064464399e-05,0.0003245281239332203,-0.00014665471923308408,0.0005315343748219744,-5.268432541344446e-05,5.512864674697671,4.6836225274287136e-05,0.0003838929760209529,0.00020129199924891872,0.00018832476761621673,-0.00011365321064285559,0.00018883928484007796,4.21127228806444e-05,-0.000246899194470079,4.558578152232323e-05,-7.39121224538936e-05,0.00011453225776875596,0.00015936750227442704,3.510475716422862e-05,-0.0002362049580505936,-0.0001911301774559807,-6.727112462923547e-05,-2.521604665971883e-06,0.00025835651327268353,0.00022744243365606725,0.0006163427926061663,0.00022778950158965585,-0.00021311563817760863,-8.711142333302352e-05,-0.00017675344888896417,-0.0001908429658068998,8.367221527251941e-05,-0.00014049779644601556,2.0269249677650935e-05,1.2404064202014651e-05,8.318655981376536e-05,1.4128725080118238e-05,-2.313127238524288e-05,-2.2600127000628554e-05,2.4744858231851237e-05,-1.2738850536098322e-05,9.097838318463765e-05,6.289216661808999e-06,-1.837938116537779e-05,-2.6674203379495095e-05,0.00012590189372085032,3.5965975127390497e-06,0.00028718797406500086,-7.32015043299201e-05,-0.0002361355806483306,0.0001745170891497674,0.00014514654385223844
18,-5.908892910952886e-05,0.0001347027315524361,1.9436262380901598e-07,-0.00015296703576394237,-0.0001213486566260127,-6.306248966099669e-05,0.00012323462710742944,-4.339773622143449e-05,2.675843798060383e-05,0.00010116800110644736,2.824145268413507e-05,3.733426443514425e-05,0.00014323750228848202,2.5629748975496594e-05,-0.00010206272217551537,0.0001173706218032288,3.1920344640938556e-05,4.6836225274287136e-05,2.781493392300903,0.0001500341741377579,0.00021327580185362326,-0.0001413126792696517,-7.314903473286628e-05,-4.637273238121817e-05,-9.025017605863711e-05,6.707919406780222e-06,-4.5389428878161394e-05,-2.784397789102252e-05,8.295586870924806e-05,9.840051004967522e-05,-3.7714639270949095e-05,-9.485776153142801e-05,0.00014507112094553818,-0.00013902743643363018,1.8987113816311e-05,-5.978239587702487e-05,-0.00020277529838858701,-2.757020132063383e-05,-1.082841887519125e-05,-0.0001184346405498092,-8.46744946828971e-05,4.734721952012266e-05,-0.00022828233424186726,1.932768470510613e-05,7.578869039000278e-05,1.5859295759204947e-05,-0.00013241583624582824,0.0003154293754284308,-0.00015342983154054268,0.00021741969022870842,0.00012645033782108947,-6.757660055271086e-05,0.0002454515860604204,-3.472592998050335e-05,3.737593190367423e-05,2.3084516946255985e-05,-0.0003554675380396475,4.38535967341052e-05,5.278584194725758e-05,-6.555076959078366e-05,7.429366720813264e-05,3.7335928473212403e-06,-5.434254072985606e-05,3.0623781764329106e-06
19,-2.41466461508161e-06,-0.0006650862338545384,0.00016149036478677728,6.156032294734667e-05,-7.611926393285e-05,5.2068195486885865e-05,-8.475514029370224e-05,-0.00022341255465659836,1.3372398252886979e-05,-0.00013780142557087499,-2.7375138969258127e-05,-4.539803322447714e-05,0.0003238468325981581,-0.00015203650927511435,-0.00018398439916590735,-0.00024354368264162168,0.00031760888874352543,0.0003838929760209529,0.0001500341741377579,8.810965045505231,-0.00012257036386673932,0.00021003316982671482,0.000167959483812725,-5.736178280643326e-07,0.0001279394173181768,7.268097183222245e-05,-0.0005978510189096161,0.00012690771682926033,-0.00018023190911198772,-0.00010780845805823839,4.766859586518409e-05,-0.0001178434844033176,-3.241994722214339e-07,0.00020439811418763868,9.576012960282446e-05,-0.00023337171458050519,3.964724985234727e-05,-0.00039137829259443377,0.00014677943782049298,-3.416284208547136e-05,-9.338128293518404e-05,2.0673361188493726e-05,4.923269605368076e-05,0.00013975117941424656,0.00017746463990194448,-1.5644288165760808e-06,-4.573016921962522e-05,0.0002670301417811229,-0.00040960708994786934,-0.0003760577551254382,-5.257270423025985e-06,-0.00018670819841550663,-0.00020747760493356707,-9.82929578054466e-05,-0.0001450123055843145,0.00022376134008845975,0.00015313895755161375,-0.00010263742026446533,7.078029896731614e-06,-0.0004833285572681991,0.00010301865716409221,8.0327735983604e-05,-0.000652020415720868,6.359109539490062e-05
20,0.00022993037147522375,-0.00013996226748412427,6.662761703661383e-05,-4.3217927007035495e-05,-0.0005080665962350983,-7.13042945124972e-05,0.00019551513657234705,7.66581412035449e-05,-1.1274150195907722e-06,7.787538084646151e-05,-0.00030643093688050233,4.0263789393080156e-05,-0.00016327614119216006,0.00012774172030942857,8.932573727246743e-05,0.0002748193482921054,6.099145920026832e-06,0.00020129199924891872,0.00021327580185362326,-0.00012257036386673932,6.509117066383872,-0.00018511009774824631,2.5796797899786256e-05,0.00014913424912339925,-2.901787732992128e-05,-0.0005761301137274383,-0.00021577455447480804,5.903578823328073e-05,5.7807118011235906e-05,9.404611326849574e-05,6.77772540894228e-05,-0.0001845459606854897,-1.9872077261893924e-06,-0.00012885989318968288,0.00033928115584615595,-0.00044608167205501865,-0.0001127937586071004,-0.00024361583144603488,4.512613327073277e-05,8.438478925988131e-05,-4.664181220326209e-05,1.851927460838474e-05,0.00010970482496464868,-5.5390456904264494e-05,-5.556214926371249e-05,7.713724993097733e-05,-5.92102853298354e-05,-0.00015583712444851584,8.883693691064474e-05,-0.0001975508885948229,-0.00012200880397452563,-6.020654921116282e-05,-0.0002771624048538316,-0.00015142915155747075,2.3668006436199377e-05,0.0003692651334843641,0.000285017932473172,0.00011429027516054512,2.7757610027641152e-05,0.00011839049302643743,8.730825236982093e-06,-4.636032030578852e-05,-0.0002013249586884038,-9.035645844060106e-05
21,0.00015996971143916324,-0.0006324804899550291,0.0004571630516169796,-0.00015424927902086142,0.00017499098605438333,-0.0002799543445619307,0.00011865831680985447,0.00022957310171278493,-8.668956829127009e-06,-0.00012714431425641585,-0.0004542826179624454,-8.762289141891822e-05,5.8650357165756635e-05,6.552324428687532e-05,0.00014770861988984898,4.6635520593092164e-05,-4.850151793100409e-05,0.00018832476761621673,-0.0001413126792696517,0.00021003316982671482,-0.00018511009774824631,16.943106118870347,-0.0004289007457175777,1.749014471715122e-05,0.0001637643496052845,-5.8919738351905925e-05,-0.0002355465184064804,-9.772725305839079e-05,-0.0003776418432584802,0.00016948876139513455,0.0002378880805054716,0.00021735506977336907,0.00020752161361518395,-1.2866019234249728e-05,-4.422538328689028e-05,0.0003566463006950137,0.0005363517918173214,-0.00010055646495372257,-0.0001687711159233607,5.744878210891813e-05,0.0004709359979079904,0.00043838723293817834,0.0001490742425772778,0.0002174079026386008,-0.0004116404682024544,-0.00025136990951805645,-4.0053241077878e-05,0.0003776917426159635,0.00029481492217547266,-0.00037996164076016704,-0.000338593891143318,-8.665055157290114e-05,0.0003906586724000682,-0.0001630135991390243,4.139692128263787e-06,-0.00030871517252467433,0.0005805626218178152,0.00018165357960851224,1.2209783677269159e-05,-0.00021234220678992917,-0.0001210831330353794,0.00019225205263353158,-0.00035261613066004494,0.00012311869462387347
22,0.0003163248396012384,4.9904797312986225e-05,8.882756017552124e-05,-5.2936520223013704e-05,-0.00013725258970776199,0.00017620677121351843,-7.539920894134818e-05,9.654076055966929e-05,-2.5675333122885377e-05,-0.00016401250047729085,4.806051389687485e-05,2.967824503320463e-05,0.00014253665102973386,0.00021534487976965366,9.985976599299028e-05,0.0001976226519503623,-0.00023248271489861733,-0.00011365321064285559,-7.314903473286628e-05,0.000167959483812725,2.5796797899786256e-05,-0.0004289007457175777,4.190711253746935,6.292948440346608e-05,9.518039272917118e-05,-3.681336008556832e-05,3.321044373997612e-05,-0.00018791843693501646,-0.000283449890617385,-8.905298942516264e-05,1.7067612901593314e-07,0.0001070516375655357,-6.663957219421719e-05,-0.0001514923611475252,-4.443508912275813e-05,-0.0004658300966861427,-4.852799868291033e-05,0.0003172505693964128,-4.4649294341605037e-05,-0.00011818859439895913,7.856158781322378e-05,-1.3259792413854363e-05,-6.453307519440254e-05,-4.106324283984979e-05,5.47602524237203e-05,7.758202348271454e-06,4.346066271136084e-05,-0.00010480679250625815,-0.0001581774417117697,-8.438361636786482e-05,9.312187989611074e-05,-2.285366825712033e-06,0.00020014928150264687,-7.8113240274905e-05,-0.00016184754706173804,8.36125522200051e-05,0.00013154195863117452,-1.2289716203199885e-06,-2.979809912162129e-05,4.915070967132052e-05,-5.801246155326074e-05,-0.00010337396922037923,-1.0102988770942736e-05,-2.3842033678195445e-05
23,-6.786155211597916e-05,-0.00033968892269634727,0.00010085709983993741,-6.56291071802092e-05,0.0002428200014188003,7.627890991575341e-05,7.098673977625966e-05,2.327624371713362e-05,-2.154147849862005e-05,0.00012009331532955425,-4.897464237959796e-05,-0.00010806192585994735,-5.6415385802064504e-05,0.00015701045714913627,0.00013188781433373265,2.5021952581322707e-05,0.000117322342091422,0.00018883928484007796,-4.637273238121817e-05,-5.736178280643326e-07,0.00014913424912339925,1.749014471715122e-05,6.292948440346608e-05,3.114616250727163,-0.0001244681002335467,-7.835591705890748e-05,5.397334270756071e-05,1.7664364623434472e-05,3.49811008824456e-05,-4.1411306988528735e-05,0.00012223367528114287,-6.44429140276472e-05,-6.0626848744522525e-06,0.00012247141370596708,-1.0749059007452245e-07,-0.0001557659971524658,-3.841872970616111e-05,-4.2237899267647505e-05,0.00011308810662872137,1.4292810360499888e-05,-1.1733593292339017e-05,0.0001873853815755171,5.650782605196588e-05,7.392539794145595e-05,-0.00016662367374321488,1.0895018938905775e-05,-2.1437085203622296e-05,4.732830724610162e-05,-0.0002532796047110854,7.247685617125596e-05,0.00013122890557954025,3.524396879197277e-05,-0.00016754693172944333,-9.886375149586968e-05,7.879859685501604e-06,-7.722507129280221e-05,8.990521077720212e-05,7.712823601478651e-05,7.729645549494311e-05,1.7778808668138073e-05,3.0216415535553046e-05,-0.00012992291986226525,7.984844283848696e-05,4.828003484303183e-05
24,0.00017769326415195333,0.000177158823643258,-0.0003185616644626895,-4.219995792427823e-05,0.00018571255983393004,0.00036091788730871065,-5.7275199775191395e-05,9.922633441799429e-05,1.4891632543887534e-05,-1.1166512121296741e-05,-8.314460604900912e-06,-0.0001379051988648991,-3.5041780981410326e-05,4.6482828259198545e-05,9.977213932799226e-05,0.0002533787493431412,-0.00022600589169352817,4.21127228806444e-05,-9.025017605863711e-05,0.0001279394173181768,-2.901787732992128e-05,0.0001637643496052845,9.518039272917118e-05,-0.0001244681002335467,3.6395225032693066,-0.00019258983153561538,-1.6151480870218094e-05,-6.102524238539274e-05,5.4227537810509805e-05,0.00010383859489829286,-3.638508121536282e-05,5.803193107320564e-05,-2.4536600501495585e-05,0.0001500708924711075,-0.0002009889510322049,0.00010826069145639565,-0.00018557097247376753,4.938087781343602e-05,0.0001014415616835916,-0.00013445457313615854,0.00011047348170541487,-2.8376168466359353e-05,7.371976005741164e-05,-3.783838883344128e-05,-0.00012973378419003923,-0.00012383833115012807,8.527702034782015e-05,5.5153983139285164e-05,0.00024584989090896994,-4.691008517345082e-05,-9.6216137525577e-05,4.7818803169314004e-05,-0.00014933697566024318,-0.00014634879408361232,0.0001245939551321694,-5.686450101030921e-06,0.00021763295829560955,-7.245883572125235e-05,-4.0225289035859986e-05,-4.755747206380905e-05,-8.308684488014895e-05,0.00014423648089645607,1.883854009667571e-05,-6.4001810026243e-05
25,1.2851715568759172e-05,5.1545190547532636e-05,2.2070869373565617e-05,-0.0002848968661204715,-4.8851974989200544e-05,-0.00017253338849558368,-4.041489006811637e-06,-3.7988610704279576e-05,2.3512504495617006e-05,0.00011881849553418213,5.606089037514293e-05,-0.00016094811226291476,-2.2105146785403828e-05,-0.00013550931035735732,2.8058592885085117e-05,-0.00015329302719577537,-2.40944193070044e-05,-0.000246899194470079,6.707919406780222e-06,7.268097183222245e-05,-0.0005761301137274383,-5.8919738351905925e-05,-3.681336008556832e-05,-7.835591705890748e-05,-0.00019258983153561538,5.044639280896485,0.0001165415033849311,1.6752461770798297e-06,3.3149208776116497e-06,4.672924819303784e-06,-0.00010189590163252939,-8.34021121717615e-06,1.4359489103944455e-06,-2.8970761794636797e-06,-5.0896862541446824e-05,0.00028615491802649624,0.0005667109619460594,3.471053257926093e-05,-8.061548541311292e-05,0.00010799676104402995,0.0003379442456558116,7.263119621925555e-06,0.00013701200205023457,0.0001624701767598625,-0.00011933975064875059,1.0059096775880934e-05,-0.00020889974197897194,0.00019875804196141025,0.00013623429428516958,0.00011180849857054243,1.1496726658797787e-05,0.00023589167102417064,4.904117719275993e-05,5.423937462765083e-05,-2.6788994892761363e-05,-5.6895960879925516e-05,-0.0004591594249998763,0.00012822256408760594,5.3197244938188885e-05,-0.00015893912168014096,-6.121359947261872e-05,7.429461526432797e-05,-0.00019834540653688255,-0.00017529475961383136
26,-0.00013623413344610394,-1.4854515700366737e-05,0.00020617040642544114,0.00015127786009561553,-0.0006492199234809844,-5.6456542407685854e-05,-4.564303297685625e-06,-0.00012122231532352299,3.606344574032242e-05,1.192117781706876e-05,2.5006144247094943e-06,0.00018680911835530583,0.00016188371003283367,-2.363446768101902e-05,-0.00011568585818047485,-0.0003769745203429501,-7.907389039039426e-05,4.558578152232323e-05,-4.5389428878161394e-05,-0.0005978510189096161,-0.00021577455447480804,-0.0002355465184064804,3.321044373997612e-05,5.397334270756071e-05,-1.6151480870218094e-05,0.0001165415033849311,3.660650474917661,6.996027203464744e-05,-0.0002063051434962537,6.562018777306256e-05,-0.00016004849268021125,6.956545982870842e-05,0.00011236611709802641,-5.126467062078753e-05,-0.00010461576373744248,-0.00026362728123804506,0.00016129717426713487,0.0003378267947992414,2.554974026100454e-07,0.00015470673343015011,2.8024020109127797e-05,-0.00023570755073723323,2.0536358841390628e-05,-0.00013547920396953566,9.78608846029701e-05,-0.00026725230939275246,0.00016391673983253202,-0.00015301544954494654,2.4476826923841534e-06,-5.4427953364473804e-05,6.18950092848912e-06,5.687815832407023e-05,-9.42332293361596e-05,-5.261281558114895e-05,-8.466699848693008e-05,0.00013021152602574543,0.00015344660812137127,0.00010960679805803659,0.00012311184625232502,-0.00010297576227667204,2.4376807802291047e-05,7.874802076770042e-06,-0.00011413715974182037,8.99094191561383e-05
27,-0.00015940616353447504,-9.477568412793349e-05,3.3756993618990146e-05,4.8416324073551216e-05,-0.0004056975279839843,-0.0001599938707465245,3.4295094139816733e-05,-4.3868832340804645e-05,4.984751792232365e-05,-5.841253103923018e-05,6.273478092458155e-05,-0.00011934404840985754,7.373694822075349e-05,0.00015843662975231562,-6.932406465628292e-05,-0.00020997093958467425,5.854901347905919e-05,-7.39121224538936e-05,-2.784397789102252e-05,0.00012690771682926033,5.903578823328073e-05,-9.772725305839079e-05,-0.00018791843693501646,1.7664364623434472e-05,-6.102524238539274e-05,1.6752461770798297e-06,6.996027203464744e-05,3.255327518678457,-2.8528800626944782e-05,0.00014484239411961748,4.823528517531377e-05,9.44502993857727e-05,2.8322352332524658e-05,-4.2819260263633346e-06,-4.577702345102577e-05,-0.00027262848476020644,0.00016784791511244247,0.00018078608211688905,-2.2204699524886397e-05,-0.0002548930718777843,-2.4751031397043583e-05,-4.892734659080264e-05,8.703839665034252e-05,-0.00013813935768076127,-5.4271690903064e-05,-1.3270514222866965e-05,6.187885093107954e-05,1.8945149000820057e-05,7.294575384512126e-05,9.716155629278709e-05,-7.479104332218484e-05,5.34309358267004e-05,-5.287320576733542e-05,3.791156187463754e-05,-1.4732060484977956e-05,7.812296082481466e-05,5.4249206128390454e-05,4.255949901453283e-06,2.452282093896025e-05,0.00011372121860069789,8.18730492495326e-05,2.0783895481727247e-05,5.652175561541095e-05,-0.00016523131136706294
28,-5.442360424444457e-05,-9.311704882086868e-05,0.0001264054933540714,-0.00027507085045280945,-0.0001251299386861274,7.79289324590381e-05,-4.744145600396479e-05,9.000057554085984e-05,-5.341488423846045e-05,0.00023107245199225328,0.00011550602778066064,-0.00013955008019598896,4.105891004995713e-05,4.3955416888578036e-05,5.547086604670653e-05,-0.00014674682391228522,-0.00023350376240383427,0.00011453225776875596,8.295586870924806e-05,-0.00018023190911198772,5.7807118011235906e-05,-0.0003776418432584802,-0.000283449890617385,3.49811008824456e-05,5.4227537810509805e-05,3.3149208776116497e-06,-0.0002063051434962537,-2.8528800626944782e-05,3.8952450262880873,-9.526893178314864e-05,-0.00013548351250298134,0.0001715540789074546,7.790119058173784e-05,-7.288928358994151e-05,-4.9771707568651194e-05,0.00027895231833845603,-2.601326434420985e-06,0.00021230171807999103,-5.42291448656301e-05,2.5982966684542197e-06,6.145535955683214e-05,-7.43269368404798e-06,0.00022829710014805982,6.251609728901737e-05,5.307873365296174e-05,2.7106226544631356e-05,-1.5386495181294154e-05,9.840430458567038e-05,4.228595045055642e-05,-5.719634143433758e-05,-0.00017487320917854404,-4.166477382230446e-05,-0.00019583479924968725,-0.00011726103533481532,6.006954709043068e-05,0.00014911223304968712,1.2234816484474786e-05,2.912841428120058e-05,-6.340408566097537e-05,7.343383035085607e-05,-2.411127637126378e-05,-6.049842087416139e-06,-8.681521727156183e-05,-4.7270448188994575e-07
29,-0.0001482602416339345,8.879032940641482e-05,0.0002773328274170438,5.4010994857839284e-05,-9.169740740903606e-05,0.00015470598916897244,-0.0001724030135752405,1.7413033135649888e-05,-1.1482498408412382e-05,7.283046936987429e-05,-5.1817305854388144e-05,5.7259256423014754e-05,2.5955680027603006e-05,0.000250006412570418,9.675455035425241e-05,-7.560121720864358e-05,4.7847361298213045e-05,0.00015936750227442704,9.840051004967522e-05,-0.00010780845805823839,9.404611326849574e-05,0.00016948876139513455,-8.905298942516264e-05,-4.1411306988528735e-05,0.00010383859489829286,4.672924819303784e-06,6.562018777306256e-05,0.00014484239411961748,-9.526893178314864e-05,2.2389722877401077,-6.327422211247623e-05,-9.303333268590858e-05,-1.8301321241863517e-05,-0.00012320783855342523,4.335703664824183e-06,0.00028499917370265656,0.00010095787379490586,8.604608141745642e-05,0.00014305106733508894,0.00014451071635747536,-1.8862479651946063e-06,6.830476973573854e-05,-0.00018060657891856287,9.121866835764587e-05,-1.647153636865479e-05,-8.695173808993569e-05,6.358250359308523e-05,-8.603191235070948e-05,-8.211894499157989e-05,3.0425472186484704e-05,-1.2146063586918778e-05,7.449047686844664e-05,7.752027094899266e-05,1.35377790342349e-05,5.9540828053729964e-05,-6.218333874667326e-05,0.00010824784832947536,-2.581861391110646e-05,-9.641559999523582e-05,-8.655628531156812e-05,-3.9270532548711627e-05,6.40791079925047e-05,-9.526865728014686e-05,-0.000119105756711716
30,0.00021823231320226011,-0.00017609995684977022,-2.957715387270321e-05,-0.00020984790118705444,-3.15610703499726e-05,-6.207971526227497e-05,-3.343134199005168e-05,-5.1786515888647e-06,3.0194851450885657e-05,-4.800822714685166e-05,-1.6327393934128933e-06,-8.170062532721461e-06,1.8401829976738367e-05,-3.588312242286028e-05,-1.9922465945872418e-05,-0.0001225335750577274,0.00020822419955156938,3.510475716422862e-05,-3.7714639270949095e-05,4.766859586518409e-05,6.77772540894228e-05,0.0002378880805054716,1.7067612901593314e-07,0.00012223367528114287,-3.638508121536282e-05,-0.00010189590163252939,-0.00016004849268021125,4.823528517531377e-05,-0.00013548351250298134,-6.327422211247623e-05,2.928754587003009,0.00013130379762079294,-0.00011989753988378284,0.0001517251711085187,6.894987233131753e-05,5.0458055159809104e-05,0.00010928813626117632,6.250149228690047e-05,-0.00014454245405171645,-0.00022585108780001244,-0.00011792026491007182,5.356314505103307e-06,2.414043513892405e-05,0.00011335742639937573,-7.158865070016848e-05,-7.459707155337162e-05,-0.00010429985294573533,2.3910244132904488e-05,0.0001092437465160731,-0.00015366727823175997,9.996890040757118e-05,7.534416913663284e-05,0.00024708862033985123,6.470430329747219e-05,8.369511503038865e-05,-2.7892115771689293e-05,-0.00016633816516228641,2.10577224552612e-05,-0.00016800263434111327,-0.00018065832337469024,5.187488932191708e-05,-5.301007880231955e-05,6.966365936676885e-05,-8.570628965285369e-08
31,9.979041838481184e-05,6.262745829815398e-05,0.0001707433903078678,3.0758855926072625e-05,-2.8526385117589207e-05,6.438706444097018e-05,0.00010509320029847047,0.00029699285184876236,-8.198110843161308e-05,6.455870087749012e-05,0.00010313554946192127,0.00027771173700200677,-9.407438842798695e-05,-0.00022287843694348552,0.00011553172808269297,-0.0001055030108597955,-0.00015483422150234898,-0.0002362049580505936,-9.485776153142801e-05,-0.0001178434844033176,-0.0001845459606854897,0.00021735506977336907,0.0001070516375655357,-6.44429140276472e-05,5.803193107320564e-05,-8.34021121717615e-06,6.956545982870842e-05,9.44502993857727e-05,0.0001715540789074546,-9.303333268590858e-05,0.00013130379762079294,4.12310723687016,3.623956363942772e-05,6.644138419447968e-06,-4.002659981019875e-05,2.4631185368943108e-05,0.00014481917253739696,0.00044851815955344925,-1.0396966610153511e-07,-0.0003785227647188836,8.990894591990317e-08,-3.467848419979124e-05,5.933485168687624e-05,9.37844114991591e-05,5.581454564435847e-07,0.00010430091937764395,8.669814160985877e-05,0.0001497937346890654,1.1956861874057226e-05,8.606225015283207e-05,2.3271110399617038e-05,-0.0002390930158602861,-0.00015909102836236564,0.00011940654072293777,0.00015213789505366337,0.00017946901928804685,-9.714419446924177e-05,3.937673994370322e-05,-0.00010953679397612556,-0.0001614391236801534,-1.4298499225876773e-05,-9.252814635947674e-05,2.2256165630277883e-05,-2.0127236010853028e-05
32,-0.00014464202608239896,-7.447173582388429e-06,5.239445125598104e-05,0.00014225254276403938,0.00029031152429103406,2.7462859663046094e-05,-3.4476538921941036e-05,1.1043153471271401e-05,2.1178338300779168e-05,0.0002913758429539462,-3.916911977896676e-05,-3.005896287243895e-05,1.2504142494292984e-05,6.628082331484104e-05,8.798652451062834e-05,-0.0001070603280928563,-0.00019401095732908815,-0.0001911301774559807,0.00014507112094553818,-3.241994722214339e-07,-1.9872077261893924e-06,0.00020752161361518395,-6.663957219421719e-05,-6.0626848744522525e-06,-2.4536600501495585e-05,1.4359489103944455e-06,0.00011236611709802641,2.8322352332524658e-05,7.790119058173784e-05,-1.8301321241863517e-05,-0.00011989753988378284,3.623956363942772e-05,3.0161752797429706,-2.4049759356186312e-05,5.7632501088140104e-05,5.1864242639752945e-05,0.00017359840788346373,0.0001176331698860217,4.180037943813617e-05,-6.501841391163082e-05,-0.00016174246667173517,-0.00015898445314430128,-0.00020289747222873849,0.00017506137135447339,0.00018334094545427665,-8.56857980757305e-06,5.370195981553352e-05,-5.945758059688374e-05,-2.7121273717389825e-05,0.0001153759991182358,3.4059103355302106e-06,0.00013096768169207788,-0.0002464798177662834,-1.0068191029687053e-05,-0.0002068288044528972,-0.00013513906734053982,-1.8138546491349093e-05,8.010612779082818e-05,-0.00010297026464971248,-0.00016441379366521962,2.19127022593797e-05,0.00011307422620818499,0.00016509119276326918,2.9956640473699076e-05
33,-8.403460641203832e-05,-0.0001252234239430838,0.00030978264068516425,0.00013278852876787769,-0.00027529164637610275,9.992898435597726e-05,-3.4812340545177654e-05,-0.00022967730771542136,-1.2036757936353861e-05,0.00012790134578095393,-0.00017891606403356542,9.380601955362573e-05,-1.4086951951580208e-05,2.9698344621925172e-06,6.56427500685047e-05,-3.212273969564554e-05,-3.8515778157247324e-05,-6.727112462923547e-05,-0.00013902743643363018,0.00020439811418763868,-0.00012885989318968288,-1.2866019234249728e-05,-0.0001514923611475252,0.00012247141370596708,0.0001500708924711075,-2.8970761794636797e-06,-5.126467062078753e-05,-4.2819260263633346e-06,-7.288928358994151e-05,-0.00012320783855342523,0.0001517251711085187,6.644138419447968e-06,-2.4049759356186312e-05,2.585482054218732,-9.425282326837607e-05,0.00014280995974088744,-7.296122966384298e-05,0.00023916915220594266,2.4229585830313996e-05,-0.00017153717477360087,-1.048660496098201e-05,0.00020465583945056544,0.00026977647069975765,7.468681837859992e-06,3.0411940884700955e-05,-2.3520486269599923e-05,0.0001375817825639758,0.00010248757003151728,0.00017103814766890178,0.00020109815648672094,4.030966203184658e-06,7.744126404855032e-05,-0.00011432739931302842,6.695275830375698e-06,0.00017117321990922163,-9.657324585325698e-05,-7.049549883540035e-05,-2.7326652722105043e-05,2.007117159899013e-05,0.00018430384683552908,-9.055283325108668e-05,-1.3727184937356359e-05,-0.00025187633566878785,-2.1433489197475595e-05
34,-0.00021655229315676718,9.680726932194243e-05,0.00016736238677275968,2.6637510987818206e-05,-0.0002216568853434167,-2.716099632377151e-05,0.00012143889867127058,-2.007223541947263e-05,-5.784542131584625e-06,-6.758312493886e-06,-0.00028268603363453676,3.404651564780247e-05,-2.953133925478569e-05,6.879354443584594e-05,-0.000137683618224357,-5.208638292696345e-06,0.00012458331962272813,-2.521604665971883e-06,1.8987113816311e-05,9.576012960282446e-05,0.00033928115584615595,-4.422538328689028e-05,-4.443508912275813e-05,-1.0749059007452245e-07,-0.0002009889510322049,-5.0896862541446824e-05,-0.00010461576373744248,-4.577702345102577e-05,-4.9771707568651194e-05,4.335703664824183e-06,6.894987233131753e-05,-4.002659981019875e-05,5.7632501088140104e-05,-9.425282326837607e-05,3.1441666482025346,-0.0003938004200650479,-1.7915231347519142e-05,0.0001957931830769177,-8.976499299220062e-05,-0.00012950079085028015,1.0273330326651028e-05,1.6591735387966316e-05,-9.957767536629902e-05,-3.122370422548337e-05,4.843878799826986e-05,5.269238352184862e-05,5.8593234365736914e-05,-0.00025010356026803417,-7.407313074361452e-05,-0.0001039327839538375,-5.877586203674229e-05,-0.0002351136337507977,-6.725157767852436e-05,-0.00011741897939728718,7.869680752013036e-06,-3.061208629311453e-05,-0.0001021107161464456,3.630371076318225e-05,-3.880170590108894e-05,0.00028794966663814856,3.0408674573055693e-05,-8.147387560074252e-05,0.00014597630936439567,9.772958410632267e-06
35,0.00018256112095112282,0.0003374189278928912,0.00024866601563020035,0.0001992672948668517,8.639916046913315e-05,8.479477047861333e-05,5.8161573976140775e-06,-0.00021665830842230711,-2.161634549930419e-05,0.00015144272774805244,-3.263860620823468e-05,-0.00022920526192628447,0.0001407703550686093,-0.0001251959096654075,-0.0004274320766669895,9.14891905948982e-05,-6.260026307347832e-05,0.00025835651327268353,-5.978239587702487e-05,-0.00023337171458050519,-0.00044608167205501865,0.0003566463006950137,-0.0004658300966861427,-0.0001557659971524658,0.00010826069145639565,0.00028615491802649624,-0.00026362728123804506,-0.00027262848476020644,0.00027895231833845603,0.00028499917370265656,5.0458055159809104e-05,2.4631185368943108e-05,5.1864242639752945e-05,0.00014280995974088744,-0.0003938004200650479,13.848038031013312,0.00016786724214604465,0.00012080021338003343,6.458244625347695e-05,0.00038196574696701695,0.0005863748300552903,-0.00015268368797231055,2.0507265720757014e-06,-0.0004494221666952929,0.0005178012757442059,0.00011722428520361288,-0.0002305693233023517,0.0002671925931704149,0.0003339081118923677,9.752062252597066e-05,0.0004745343387567136,0.0005449935627613327,-0.00021375267446921978,-0.00013316503701392258,-6.401025758800306e-05,0.00021235292057256549,0.00020026317322085682,-2.3175376228127257e-06,3.7186059256361224e-05,0.00012141088649062948,0.0001064478410757921,-8.252869393385255e-05,0.00018576537496448083,0.00029485092732618105
36,0.00023798682588891876,7.140629823589168e-05,-0.00011018675791204526,-1.2303446503652711e-05,0.0001420957655072103,0.0001580690046137644,4.188842721034534e-05,-0.00035951801499526894,7.064683462534963e-05,0.00011147047098620639,-0.00038555575131391613,0.00022026724130208184,0.00012190521553518258,0.00012893454894726764,-4.703556335253544e-05,4.551402859775657e-05,-0.00014949828041916545,0.00022744243365606725,-0.00020277529838858701,3.964724985234727e-05,-0.0001127937586071004,0.0005363517918173214,-4.852799868291033e-05,-3.841872970616111e-05,-0.00018557097247376753,0.0005667109619460594,0.00016129717426713487,0.00016784791511244247,-2.601326434420985e-06,0.00010095787379490586,0.00010928813626117632,0.00014481917253739696,0.00017359840788346373,-7.296122966384298e-05,-1.7915231347519142e-05,0.00016786724214604465,7.042737984058348,-0.0001316428135199976,-2.6769481361380694e-05,0.0001045288536606753,0.0005501604388086069,-2.062521027255584e-06,-0.00030395139202898615,-4.463150268439288e-05,6.174369532067945e-05,-3.0880723646795816e-05,-0.0002911882431099757,-0.0002456299553309666,-1.873866832097864e-05,5.224513812586074e-05,-0.00022484173280143196,-0.0003379882730298814,-6.648052510610084e-05,0.00020534924696395817,2.27671716759598e-05,-7.527600236233827e-06,-2.6284677850031413e-05,-0.00014764801875780892,0.0001505626192522751,-9.187050722473446e-05,3.1465933226609784e-05,3.759435901982378e-05,-0.00012822425635242054,-0.00010270272705670417
37,7.119473241963264e-05,-0.00023835271634243537,-0.0003566104280060089,0.00012993678610278889,-6.496282969320993e-05,-0.000680256480050214,9.351978385238538e-05,-2.9086141336385367e-05,4.8621231536102825e-05,0.00016182337587611318,-0.00021529632852445899,6.956928049472171e-06,-0.00031470430188999446,-5.304245671353971e-05,0.0003074098571774099,7.934423644989552e-05,0.00018727301695871588,0.0006163427926061663,-2.757020132063383e-05,-0.00039137829259443377,-0.00024361583144603488,-0.00010055646495372257,0.0003172505693964128,-4.2237899267647505e-05,4.938087781343602e-05,3.471053257926093e-05,0.0003378267947992414,0.00018078608211688905,0.00021230171807999103,8.604608141745642e-05,6.250149228690047e-05,0.00044851815955344925,0.0001176331698860217,0.00023916915220594266,0.0001957931830769177,0.00012080021338003343,-0.0001316428135199976,15.200615729083701,-0.00023033989578284065,0.000331392142124024,0.00021110610615931834,-6.704697854285431e-05,-0.00014346534390866284,-0.00044349954727117795,0.0003822538044679624,-0.00011853089520872065,6.010967857497453e-05,-0.00016898031474006924,0.00018271429761177455,0.0003461607891629273,0.00013831258662278995,0.00010896146118375032,0.00023606568136688502,-0.0002816631808022977,-0.0002796040643807125,0.0002927823783719892,-9.186331299972194e-05,5.301412654106992e-05,-0.00017837291952476036,0.0001667045001825795,2.0963803487278606e-05,-7.505853509750554e-05,7.798423163561643e-05,-0.0001691984267517255
38,-9.95265221355945e-05,0.00014678659967407658,-0.00016390311128625104,0.00015046145199853645,-0.0001135619749863913,0.00012573088892618974,-1.9555654764625397e-05,0.00014248025934206362,0.0001054210979880015,-0.00017232974544959556,-0.00010878703541055157,-0.00013143026048505985,0.00017032233598477116,6.547359556812326e-05,-3.959071245049453e-06,-0.0001202965262955634,0.00018296431164179105,0.00022778950158965585,-1.082841887519125e-05,0.00014677943782049298,4.512613327073277e-05,-0.0001687711159233607,-4.4649294341605037e-05,0.00011308810662872137,0.0001014415616835916,-8.061548541311292e-05,2.554974026100454e-07,-2.2204699524886397e-05,-5.42291448656301e-05,0.00014305106733508894,-0.00014454245405171645,-1.0396966610153511e-07,4.180037943813617e-05,2.4229585830313996e-05,-8.976499299220062e-05,6.458244625347695e-05,-2.6769481361380694e-05,-0.00023033989578284065,6.321186721002437,0.00029156335424770463,-8.540149558670628e-05,5.541674223798601e-05,-0.00035789353032496187,-4.611790089777612e-06,9.342310109512004e-05,0.00010051366043058471,0.00012927181439154002,5.981199007719426e-05,1.428886469870407e-05,0.00015696881595001082,2.6303635723006374e-05,-2.299902253150797e-05,0.00014478228578924615,6.277557280579872e-05,-0.00021245678305019137,6.26910843656275e-05,-0.0002564555063988658,-9.976381004880329e-06,0.0002313029893759622,-2.295469923158024e-05,8.115447757590145e-05,-5.066032716183005e-05,-0.0001853067590583651,7.552307465739478e-05
39,-0.00029135279909153555,-0.000310374173247857,4.275944154690889e-05,3.317450917500889e-05,0.00018668033095591049,-0.00029698849918239094,-1.4774270808260754e-05,-6.805718636327934e-05,-1.8632980430681684e-06,0.00030408063286945685,-7.262821018442225e-05,1.5178814870423614e-05,5.695755881638246e-05,-3.3906768858598306e-05,0.00011894917451995258,-4.3954826246325067e-07,-0.00017459394233033528,-0.00021311563817760863,-0.0001184346405498092,-3.416284208547136e-05,8.438478925988131e-05,5.744878210891813e-05,-0.00011818859439895913,1.4292810360499888e-05,-0.00013445457313615854,0.00010799676104402995,0.00015470673343015011,-0.0002548930718777843,2.5982966684542197e-06,0.00014451071635747536,-0.00022585108780001244,-0.0003785227647188836,-6.501841391163082e-05,-0.00017153717477360087,-0.00012950079085028015,0.00038196574696701695,0.0001045288536606753,0.000331392142124024,0.00029156335424770463,4.714777261523661,-0.00021034962393934765,-0.0002793263901353907,-8.969167593776826e-05,-8.197536233297965e-05,0.00018463109659359184,-0.00023188578325007516,-0.0003472464383419544,0.00022308505539250082,-5.484906292046966e-05,0.00011146612283935923,-0.00017652987009842834,-0.00010273058022812239,2.0378620325392907e-05,5.533952621365838e-05,7.601128734763953e-05,-0.00010011854428834358,9.717699585924123e-05,-3.2628668816156334e-05,-9.107039549187981e-05,0.00010482266233150778,1.0230089092291338e-05,-5.5847613009273716e-05,-9.160543308226692e-05,-6.568657194763734e-05
40,0.00043101942143631086,0.00036385671252688495,9.590797270216044e-05,-8.054015169324767e-05,0.00014323539491099984,-0.0001108544953296786,8.955977556696151e-05,-0.00010535610990560384,-5.1951340312088464e-05,0.00012976415264597554,-2.546411708808262e-05,-4.7266692693393975e-05,-0.00010077284251039003,0.0002165442645105533,0.00022104470333673227,-0.0003140902676716617,9.022280136231008e-05,-8.711142333302352e-05,-8.46744946828971e-05,-9.338128293518404e-05,-4.664181220326209e-05,0.0004709359979079904,7.856158781322378e-05,-1.1733593292339017e-05,0.00011047348170541487,0.0003379442456558116,2.8024020109127797e-05,-2.4751031397043583e-05,6.145535955683214e-05,-1.8862479651946063e-06,-0.00011792026491007182,8.990894591990317e-08,-0.00016174246667173517,-1.048660496098201e-05,1.0273330326651028e-05,0.0005863748300552903,0.0005501604388086069,0.00021110610615931834,-8.540149558670628e-05,-0.00021034962393934765,5.621014766388525,-0.00024922740791937865,2.2006053604221338e-05,2.670728245965739e-05,0.00028930880099493835,-0.00013736657785712894,-0.00014928873101579152,-8.742242901720156e-05,0.00014663143638762798,-0.0001946227794364854,0.00015324443422913588,0.00012224715184044205,8.743459266081356e-05,-0.00012494155510295915,0.00013480094052112482,0.0001206926293753705,0.0002216284138429244,6.876824014530012e-05,-7.118364829142644e-05,0.00017382488576364355,1.4925545739432234e-05,4.8104098422113205e-05,3.511225682296467e-05,7.769855528094708e-05
41,-0.00020244599741954143,1.0608368090248182e-05,-0.00014118038352204168,4.717763749359097e-05,-1.2427077385031051e-05,-0.00012455041755876336,-4.784832026491792e-05,2.116311772546462e-05,-4.0386982523399645e-05,4.680136936441989e-05,2.235095008208087e-05,2.296841198132994e-05,-2.2830109096933103e-05,-0.00020378118102345685,-1.0185053521963523e-05,2.963827405385952e-05,7.356258609011199e-05,-0.00017675344888896417,4.734721952012266e-05,2.0673361188493726e-05,1.851927460838474e-05,0.00043838723293817834,-1.3259792413854363e-05,0.0001873853815755171,-2.8376168466359353e-05,7.263119621925555e-06,-0.00023570755073723323,-4.892734659080264e-05,-7.43269368404798e-06,6.830476973573854e-05,5.356314505103307e-06,-3.467848419979124e-05,-0.00015898445314430128,0.00020465583945056544,1.6591735387966316e-05,-0.00015268368797231055,-2.062521027255584e-06,-6.704697854285431e-05,5.541674223798601e-05,-0.0002793263901353907,-0.00024922740791937865,3.0055503368762073,0.0002629861233787142,-0.0001432462339552071,-1.5833870217192298e-05,-0.0001115918018547621,-1.2024804988139179e-06,1.1330296937605802e-05,-7.596590683785557e-07,-0.0001406426771732036,-4.804217629543142e-05,0.0002284264062943792,-2.504163287801655e-05,-9.771847617755347e-07,0.00015677530274613304,0.00013253841090472897,-0.0001953353163338231,8.75030894544671e-05,-4.1456437661311954e-05,-8.752503949726145e-05,-4.7108319110712407e-05,5.045195439050739e-05,9.296145337297403e-05,-9.742952014061282e-05
42,-3.690584166604359e-05,8.23599508461085e-05,-0.00011941930288430403,0.00015183422211486803,-0.00047750692782561424,0.0005536818556416554,-5.72464328145302e-05,-0.00010049922368763028,-8.624051385841882e-06,0.00017395814642844353,0.00011944274086771247,-5.207477316809686e-05,-0.00013901060118725296,-0.00025418970379954397,9.556494805760277e-06,0.0005129584009048169,-4.3248202702478124e-05,-0.0001908429658068998,-0.00022828233424186726,4.923269605368076e-05,0.00010970482496464868,0.0001490742425772778,-6.453307519440254e-05,5.650782605196588e-05,7.371976005741164e-05,0.00013701200205023457,2.0536358841390628e-05,8.703839665034252e-05,0.00022829710014805982,-0.00018060657891856287,2.414043513892405e-05,5.933485168687624e-05,-0.00020289747222873849,0.00026977647069975765,-9.957767536629902e-05,2.0507265720757014e-06,-0.00030395139202898615,-0.00014346534390866284,-0.00035789353032496187,-8.969167593776826e-05,2.2006053604221338e-05,0.0002629861233787142,7.697781702061366,-0.00020496854642606686,-0.00016966542605144526,-0.00018909158166033305,-1.5762021439118868e-05,0.0003078818325389033,0.0004766752973978174,7.180920914207409e-05,-7.721871751326929e-05,-3.1475231479952025e-06,-0.00014810580622232495,-3.677151947666088e-05,-0.00014514219715510402,7.525430078785377e-05,0.00044014784251111225,-0.0003154023157268919,-7.346709609792543e-05,-0.0003424586398117155,8.35008702857086e-05,0.000174487016776161,0.0001863904738534107,-0.00021846383514325342
43,0.00012502173874399532,-0.00031875925344829187,-4.92946771773546e-05,-8.375402831010117e-05,-0.00029152338760151655,-0.0001730748327922305,2.5887222848446508e-05,-0.00013182224474551574,-2.009554783750776e-05,9.169368995316184e-05,2.436840010326465e-05,-0.00012076132213666385,0.00012596586220742066,-6.688932776014548e-06,-0.0001173179804050055,-0.00019756400211787804,-2.9522275827606226e-06,8.367221527251941e-05,1.932768470510613e-05,0.00013975117941424656,-5.5390456904264494e-05,0.0002174079026386008,-4.106324283984979e-05,7.392539794145595e-05,-3.783838883344128e-05,0.0001624701767598625,-0.00013547920396953566,-0.00013813935768076127,6.251609728901737e-05,9.121866835764587e-05,0.00011335742639937573,9.37844114991591e-05,0.00017506137135447339,7.468681837859992e-06,-3.122370422548337e-05,-0.0004494221666952929,-4.463150268439288e-05,-0.00044349954727117795,-4.611790089777612e-06,-8.197536233297965e-05,2.670728245965739e-05,-0.0001432462339552071,-0.00020496854642606686,2.7609664295498084,3.512058975618481e-05,-1.9864343993579642e-05,9.80399686994406e-05,-3.326978085264056e-05,-1.3129712119763583e-05,0.00012634907884943647,2.7788834017598313e-05,-3.026858767599024e-05,4.7653833674666355e-05,6.869346956118667e-05,0.00010181149760068798,-0.00015704416851707777,0.0001126965225099827,8.192798003006248e-05,-7.544755579590038e-05,5.431546792831004e-05,4.62401613524729e-05,1.4162118098949625e-05,-0.00011617750418826248,-0.00013961994458768236
44,0.0001037689397822988,-0.00020087055229812772,-4.980310780074458e-05,4.416952165186463e-05,-6.0544558764345606e-05,7.920540223347243e-05,-7.092934439151299e-05,-3.9485941934847936e-05,2.5039182622611696e-05,8.995377163813831e-05,-0.00023596923986137899,-1.1996635048166746e-05,0.00020967680280128807,0.00030492456809920487,0.00026576961184262047,-0.00030164436316569923,0.00010214427076058813,-0.00014049779644601556,7.578869039000278e-05,0.00017746463990194448,-5.556214926371249e-05,-0.0004116404682024544,5.47602524237203e-05,-0.00016662367374321488,-0.00012973378419003923,-0.00011933975064875059,9.78608846029701e-05,-5.4271690903064e-05,5.307873365296174e-05,-1.647153636865479e-05,-7.158865070016848e-05,5.581454564435847e-07,0.00018334094545427665,3.0411940884700955e-05,4.843878799826986e-05,0.0005178012757442059,6.174369532067945e-05,0.0003822538044679624,9.342310109512004e-05,0.00018463109659359184,0.00028930880099493835,-1.5833870217192298e-05,-0.00016966542605144526,3.512058975618481e-05,6.2473010158061095,0.00041616666928299137,9.415438728144783e-05,8.770458093020642e-05,-0.0002621325527589569,4.1877470270151236e-05,-5.7753082792644384e-05,0.00027987010975305624,8.956753712893251e-05,2.2438778662886527e-05,-7.716096575553637e-05,0.0001311233817647239,-0.00021421808050541138,0.00034750749660361353,0.00010402822606805155,0.0003097668516641729,4.762358799499199e-05,0.00024331976692946086,-0.0001456345929253368,-5.257553494160584e-05
45,0.00013485348052282194,0.00020761880348243043,-6.15202119115433e-05,-2.340832069968963e-05,0.00015238860698807492,-5.9867845031402275e-05,-7.588675351975385e-05,-9.915159187136157e-06,4.73155990921835e-06,-3.998591243475267e-06,-1.6397386461937232e-05,0.00021105900651248146,-6.17360440490174e-05,-3.9056241519500756e-05,3.0305899315020404e-05,-4.732069118239622e-05,2.0977846732732424e-05,2.0269249677650935e-05,1.5859295759204947e-05,-1.5644288165760808e-06,7.713724993097733e-05,-0.00025136990951805645,7.758202348271454e-06,1.0895018938905775e-05,-0.00012383833115012807,1.0059096775880934e-05,-0.00026725230939275246,-1.3270514222866965e-05,2.7106226544631356e-05,-8.695173808993569e-05,-7.459707155337162e-05,0.00010430091937764395,-8.56857980757305e-06,-2.3520486269599923e-05,5.269238352184862e-05,0.00011722428520361288,-3.0880723646795816e-05,-0.00011853089520872065,0.00010051366043058471,-0.00023188578325007516,-0.00013736657785712894,-0.0001115918018547621,-0.00018909158166033305,-1.9864343993579642e-05,0.00041616666928299137,3.313061451439651,-2.3579646951671274e-05,-2.6845454438233064e-05,9.303300736345944e-05,-5.0581439069117844e-05,-0.00021481190289559526,-0.00014002791333121766,2.6541181234114835e-05,3.5338750848902063e-07,5.201361126329953e-05,-3.8779408451160016e-05,-5.242754229117554e-05,5.295722793309967e-05,-4.395751673839978e-05,0.00013209267676457965,-2.0117137441798594e-05,0.00019345757169820499,5.92967973139954e-05,-4.640302433304304e-05
46,-0.00010841903277666831,-6.900429234016232e-05,-6.25954544877809e-05,0.0001366594991184164,-3.2069980033220566e-05,-0.00016257962663337165,6.690481218854366e-05,-3.870510706753747e-06,2.0228718420331625e-06,-0.00010360841064217036,-3.35144725273863e-05,6.0935582493660775e-06,6.641999949416276e-06,4.882747468147507e-05,-0.00011798739780133065,0.00019413321166083158,-0.0001418250434333171,1.2404064202014651e-05,-0.00013241583624582824,-4.573016921962522e-05,-5.92102853298354e-05,-4.0053241077878e-05,4.346066271136084e-05,-2.1437085203622296e-05,8.527702034782015e-05,-0.00020889974197897194,0.00016391673983253202,6.187885093107954e-05,-1.5386495181294154e-05,6.358250359308523e-05,-0.00010429985294573533,8.669814160985877e-05,5.370195981553352e-05,0.0001375817825639758,5.8593234365736914e-05,-0.0002305693233023517,-0.0002911882431099757,6.010967857497453e-05,0.00012927181439154002,-0.0003472464383419544,-0.00014928873101579152,-1.2024804988139179e-06,-1.5762021439118868e-05,9.80399686994406e-05,9.415438728144783e-05,-2.3579646951671274e-05,2.45691618739635,9.805046676343865e-05,0.00010367260577073791,2.9093478923453634e-05,0.00010134952500377341,-7.006310472001411e-05,6.755698140327062e-05,-6.073924786253117e-05,5.572937550536178e-05,-5.650269894897935e-05,-5.904706747363552e-06,-5.160029067190815e-05,0.00016822668250968234,8.128263720340732e-05,-8.156490763649968e-05,3.6941433859124236e-05,-5.5896527033197596e-05,-3.104335458637145e-05
47,9.36889911775048e-05,-0.00013743952658905223,-3.673613942805052e-05,6.822790382597546e-05,-0.00019091106724174016,-0.0002832839898666921,-7.62999622091413e-05,-3.037183167823792e-05,2.14656265933754e-05,0.0002982633009231883,9.394751124497837e-05,-0.00016394383371381782,-4.687142101423736e-05,0.000102666534227584,-8.246357547883062e-05,0.0001415169120724154,8.567237083306105e-05,8.318655981376536e-05,0.0003154293754284308,0.0002670301417811229,-0.00015583712444851584,0.0003776917426159635,-0.00010480679250625815,4.732830724610162e-05,5.5153983139285164e-05,0.00019875804196141025,-0.00015301544954494654,1.8945149000820057e-05,9.840430458567038e-05,-8.603191235070948e-05,2.3910244132904488e-05,0.0001497937346890654,-5.945758059688374e-05,0.00010248757003151728,-0.00025010356026803417,0.0002671925931704149,-0.0002456299553309666,-0.00016898031474006924,5.981199007719426e-05,0.00022308505539250082,-8.742242901720156e-05,1.1330296937605802e-05,0.0003078818325389033,-3.326978085264056e-05,8.770458093020642e-05,-2.6845454438233064e-05,9.805046676343865e-05,4.659534170724846,0.00018243956867482962,-0.00017827725326483588,5.98168448615082e-05,-0.00012420885623297108,3.275890666653228e-05,8.929068221290284e-05,8.717192242912756e-06,-1.0727283632801196e-05,9.414555717607588e-05,-1.4263048357686366e-05,9.239877718711864e-05,-6.90108248919341e-05,3.624618696362535e-05,0.00010033784721741947,0.00023152002049370288,-5.225132105495135e-05
48,-6.434039308369944e-05,-0.00011691211109687089,-3.9798610779117896e-05,-0.00018905716675846033,-5.930360246476996e-05,-4.371851290744739e-05,7.948400394763817e-05,3.9070230131954865e-05,-5.274824921439576e-05,9.230734406924793e-05,2.9811663288558453e-05,3.71173946842102e-05,1.5062159294308783e-05,-0.0001046874624420721,0.00010867203066299111,5.967833433406454e-05,-4.095213310370787e-05,1.4128725080118238e-05,-0.00015342983154054268,-0.00040960708994786934,8.883693691064474e-05,0.00029481492217547266,-0.0001581774417117697,-0.0002532796047110854,0.00024584989090896994,0.00013623429428516958,2.4476826923841534e-06,7.294575384512126e-05,4.228595045055642e-05,-8.211894499157989e-05,0.0001092437465160731,1.1956861874057226e-05,-2.7121273717389825e-05,0.00017103814766890178,-7.407313074361452e-05,0.0003339081118923677,-1.873866832097864e-05,0.00018271429761177455,1.428886469870407e-05,-5.484906292046966e-05,0.00014663143638762798,-7.596590683785557e-07,0.0004766752973978174,-1.3129712119763583e-05,-0.0002621325527589569,9.303300736345944e-05,0.00010367260577073791,0.00018243956867482962,2.924053382543096,-6.982503997540313e-06,4.2655791374160515e-05,0.0003217611087464865,-0.00010436109515819076,-4.3940065657810477e-05,2.1058060092484422e-05,-5.715329171778047e-05,-0.00012993037279774588,-0.0001126009612696873,6.032547635369097e-08,-0.0001394287211396565,-1.8917594479792387e-05,-0.00012336438237863347,5.318571728830821e-05,4.914449709536487e-05
49,-6.8211119826890396e-06,2.5072918673171206e-05,0.00019448204391623835,0.0002239335126799081,-4.997456594732968e-05,-0.00022237594747168571,-0.00015637530987788357,0.0001686039848948572,3.56767421344312e-05,-0.00013442823522732405,4.070400542127998e-05,0.000156875564361241,-0.000178929855345499,0.0001173087307736492,-9.887502966878305e-05,-0.0004223395065247915,0.00012353347327408612,-2.313127238524288e-05,0.00021741969022870842,-0.0003760577551254382,-0.0001975508885948229,-0.00037996164076016704,-8.438361636786482e-05,7.247685617125596e-05,-4.691008517345082e-05,0.00011180849857054243,-5.4427953364473804e-05,9.716155629278709e-05,-5.719634143433758e-05,3.0425472186484704e-05,-0.00015366727823175997,8.606225015283207e-05,0.0001153759991182358,0.00020109815648672094,-0.0001039327839538375,9.752062252597066e-05,5.224513812586074e-05,0.0003461607891629273,0.00015696881595001082,0.00011146612283935923,-0.0001946227794364854,-0.0001406426771732036,7.180920914207409e-05,0.00012634907884943647,4.1877470270151236e-05,-5.0581439069117844e-05,2.9093478923453634e-05,-0.00017827725326483588,-6.982503997540313e-06,5.522193637197843,0.00013665982490138556,-0.00042177356143689927,-3.736992246453276e-05,-6.109753313593777e-05,8.837440670895061e-05,-4.381139988042247e-05,0.00043114044837069484,-8.40520697715304e-07,8.465211717966982e-05,1.9582218641359676e-05,9.323942849699636e-05,0.0001597356752211997,0.00020384376268112745,-0.00010595791149136339
50,-0.0004059824569092286,1.8649717891408633e-06,-0.0001481570996101156,0.00010445856292330856,3.212745636011937e-05,-8.834832873690458e-05,0.00013059954058156762,-1.566587141358607e-05,-1.4398878782465623e-05,0.00022392763230348262,6.418897836173564e-05,-0.00011145649000728259,-9.19483919399431e-05,-8.409589719986833e-05,-1.8866863635059055e-05,-0.00011936249755574591,-6.004072145163972e-05,-2.2600127000628554e-05,0.00012645033782108947,-5.257270423025985e-06,-0.00012200880397452563,-0.000338593891143318,9.312187989611074e-05,0.00013122890557954025,-9.6216137525577e-05,1.1496726658797787e-05,6.18950092848912e-06,-7.479104332218484e-05,-0.00017487320917854404,-1.2146063586918778e-05,9.996890040757118e-05,2.3271110399617038e-05,3.4059103355302106e-06,4.030966203184658e-06,-5.877586203674229e-05,0.0004745343387567136,-0.00022484173280143196,0.00013831258662278995,2.6303635723006374e-05,-0.00017652987009842834,0.00015324443422913588,-4.804217629543142e-05,-7.721871751326929e-05,2.7788834017598313e-05,-5.7753082792644384e-05,-0.00021481190289559526,0.00010134952500377341,5.98168448615082e-05,4.2655791374160515e-05,0.00013665982490138556,3.381524556717124,-3.9999252610807564e-05,8.292580127666206e-05,-1.275467321945255e-06,0.00015965712493594536,2.585569802822624e-05,0.00018543874289302732,-5.250678398517783e-05,0.00011443956927024004,-0.00010548886379662305,-0.00010654951004901812,-0.00011513576335817162,-0.00011863370716703062,0.00018396913431757085
51,-0.00025181290140088874,0.00025101642089303864,0.00018549924192111752,-8.056890716385345e-05,0.0001975073026423853,0.0002987630024236807,9.878446035465715e-05,-2.808404376413355e-05,-3.481938686390824e-05,0.0001754566375412603,4.161205865453332e-05,0.00016658037975541973,6.85458977432527e-05,-0.0002053897826557853,9.214077964496875e-05,-8.679616733465446e-05,-2.5267963439895406e-05,2.4744858231851237e-05,-6.757660055271086e-05,-0.00018670819841550663,-6.020654921116282e-05,-8.665055157290114e-05,-2.285366825712033e-06,3.524396879197277e-05,4.7818803169314004e-05,0.00023589167102417064,5.687815832407023e-05,5.34309358267004e-05,-4.166477382230446e-05,7.449047686844664e-05,7.534416913663284e-05,-0.0002390930158602861,0.00013096768169207788,7.744126404855032e-05,-0.0002351136337507977,0.0005449935627613327,-0.0003379882730298814,0.00010896146118375032,-2.299902253150797e-05,-0.00010273058022812239,0.00012224715184044205,0.0002284264062943792,-3.1475231479952025e-06,-3.026858767599024e-05,0.00027987010975305624,-0.00014002791333121766,-7.006310472001411e-05,-0.00012420885623297108,0.0003217611087464865,-0.00042177356143689927,-3.9999252610807564e-05,7.36732388876661,0.00013510456776958597,-5.89642689788478e-05,-0.00019451557837719125,-0.00011657894838180667,1.4836539624592447e-05,-4.466191989102311e-05,5.819248244468729e-06,0.000324847709668273,-2.4170947187729804e-05,0.00015286945170576787,-0.00024209783337122073,-0.00015233651360757632
52,-0.0001370848742605446,-0.0001717983251196016,-0.00018428365327093709,0.00018929763286224113,-7.86435135437346e-05,-1.5195294040961897e-05,2.2270080567483242e-05,-5.0770283588164104e-05,-3.0727285730893114e-05,-5.327875727485945e-05,8.259365323682932e-05,-8.586962960649205e-06,-0.00025368735377175196,9.019096237326369e-06,0.00012513637212908777,-7.994037351969579e-05,-5.84999531801992e-05,-1.2738850536098322e-05,0.0002454515860604204,-0.00020747760493356707,-0.0002771624048538316,0.0003906586724000682,0.00020014928150264687,-0.00016754693172944333,-0.00014933697566024318,4.904117719275993e-05,-9.42332293361596e-05,-5.287320576733542e-05,-0.00019583479924968725,7.752027094899266e-05,0.00024708862033985123,-0.00015909102836236564,-0.0002464798177662834,-0.00011432739931302842,-6.725157767852436e-05,-0.00021375267446921978,-6.648052510610084e-05,0.00023606568136688502,0.00014478228578924615,2.0378620325392907e-05,8.743459266081356e-05,-2.504163287801655e-05,-0.00014810580622232495,4.7653833674666355e-05,8.956753712893251e-05,2.6541181234114835e-05,6.755698140327062e-05,3.275890666653228e-05,-0.00010436109515819076,-3.736992246453276e-05,8.292580127666206e-05,0.00013510456776958597,5.293561313509957,3.581819290964937e-05,-5.5352051893904485e-05,0.00018868295639947298,0.00024375975320586242,-5.811202342976016e-05,0.00011606053349254509,-0.0003359436527817788,5.287902594700032e-05,1.2692798404735394e-05,-0.0001118611256001633,-2.192029159405112e-05
53,0.0001639992744765414,9.55110721167496e-06,4.1199167718995e-05,1.038615412120766e-05,-5.1193406287682916e-05,1.559104364875662e-05,7.482396142943763e-05,2.86510525907976e-05,1.3143254267316986e-06,0.0001582902998303071,-0.00012040507151754924,-8.864733350650905e-05,8.132927276618884e-06,-4.7566220582996935e-06,2.2506656523766627e-05,-2.605815932033069e-05,-2.7741585866119626e-05,9.097838318463765e-05,-3.472592998050335e-05,-9.82929578054466e-05,-0.00015142915155747075,-0.0001630135991390243,-7.8113240274905e-05,-9.886375149586968e-05,-0.00014634879408361232,5.423937462765083e-05,-5.261281558114895e-05,3.791156187463754e-05,-0.00011726103533481532,1.35377790342349e-05,6.470430329747219e-05,0.00011940654072293777,-1.0068191029687053e-05,6.695275830375698e-06,-0.00011741897939728718,-0.00013316503701392258,0.00020534924696395817,-0.0002816631808022977,6.277557280579872e-05,5.533952621365838e-05,-0.00012494155510295915,-9.771847617755347e-07,-3.677151947666088e-05,6.869346956118667e-05,2.2438778662886527e-05,3.5338750848902063e-07,-6.073924786253117e-05,8.929068221290284e-05,-4.3940065657810477e-05,-6.109753313593777e-05,-1.275467321945255e-06,-5.89642689788478e-05,3.581819290964937e-05,1.5620481112472093,0.00016733639665078852,-1.2583398762969276e-05,1.0388698644710197e-05,3.18040236024719e-05,3.795832456265596e-05,0.0001597882585775171,-7.743121236765602e-05,0.00010993692908930335,3.8923082002940984e-05,-9.6776705858799e-05
54,-5.555840450467361e-05,-0.00012921733343298572,-6.582209426898048e-07,-0.00011381506883114823,-0.00010682386341065996,0.0001613862606632672,-2.533052340225032e-06,-0.0002145388061258275,6.484056756443917e-05,-0.0002271369716824324,-0.00014909394807084925,0.00018359893429544113,-1.1378839096837833e-05,0.00014055607511269895,3.474228563134605e-05,-2.999965816032692e-05,-0.0001103049266062374,6.289216661808999e-06,3.737593190367423e-05,-0.0001450123055843145,2.3668006436199377e-05,4.139692128263787e-06,-0.00016184754706173804,7.879859685501604e-06,0.0001245939551321694,-2.6788994892761363e-05,-8.466699848693008e-05,-1.4732060484977956e-05,6.006954709043068e-05,5.9540828053729964e-05,8.369511503038865e-05,0.00015213789505366337,-0.0002068288044528972,0.00017117321990922163,7.869680752013036e-06,-6.401025758800306e-05,2.27671716759598e-05,-0.0002796040643807125,-0.00021245678305019137,7.601128734763953e-05,0.00013480094052112482,0.00015677530274613304,-0.00014514219715510402,0.00010181149760068798,-7.716096575553637e-05,5.201361126329953e-05,5.572937550536178e-05,8.717192242912756e-06,2.1058060092484422e-05,8.837440670895061e-05,0.00015965712493594536,-0.00019451557837719125,-5.5352051893904485e-05,0.00016733639665078852,4.5159815087896975,9.88832962277903e-06,0.00038883343106172537,1.5109328183114658e-05,-2.9880196323436686e-05,0.00021635299574296652,-8.735070257644885e-05,-6.0771516405254467e-05,-0.00018257440685790947,0.000227818560482649
55,0.0001079129436851722,-0.00021537460772532132,-5.0201551783218925e-06,4.8548709195089275e-05,8.212963311871297e-05,-0.00011289338408694528,3.700780007643218e-05,6.879153184323876e-05,4.2573455384043016e-05,0.00011378534685998765,3.6148073685238365e-05,-3.820986027144017e-05,-7.606054827723607e-06,1.1202751820760741e-05,-4.4690120487911925e-05,-5.148996377922849e-05,0.00010977606338674776,-1.837938116537779e-05,2.3084516946255985e-05,0.00022376134008845975,0.0003692651334843641,-0.00030871517252467433,8.36125522200051e-05,-7.722507129280221e-05,-5.686450101030921e-06,-5.6895960879925516e-05,0.00013021152602574543,7.812296082481466e-05,0.00014911223304968712,-6.218333874667326e-05,-2.7892115771689293e-05,0.00017946901928804685,-0.00013513906734053982,-9.657324585325698e-05,-3.061208629311453e-05,0.00021235292057256549,-7.527600236233827e-06,0.0002927823783719892,6.26910843656275e-05,-0.00010011854428834358,0.0001206926293753705,0.00013253841090472897,7.525430078785377e-05,-0.00015704416851707777,0.0001311233817647239,-3.8779408451160016e-05,-5.650269894897935e-05,-1.0727283632801196e-05,-5.715329171778047e-05,-4.381139988042247e-05,2.585569802822624e-05,-0.00011657894838180667,0.00018868295639947298,-1.2583398762969276e-05,9.88832962277903e-06,2.9917817728091682,0.0002476089935754115,5.847067242867558e-05,-0.00016677222399168816,-0.00013499453995880108,-1.128306949085402e-06,-9.019040987091247e-05,-0.00014975271998033383,-1.0313255714897493e-05
56,4.992514942809381e-05,-5.9912484906312374e-05,-0.00011272910337289225,0.0002215556254436543,0.00012425769749820856,4.938799350694607e-05,-9.056209693563201e-05,7.193846973503558e-05,-5.7361469686277056e-05,-0.0001440219358769692,3.416383327099075e-05,-0.00020367467130518534,-9.852784727259135e-05,-0.0002535782455907938,0.00011182905243557855,-4.1216253869276024e-05,-0.0001373136686353872,-2.6674203379495095e-05,-0.0003554675380396475,0.00015313895755161375,0.000285017932473172,0.0005805626218178152,0.00013154195863117452,8.990521077720212e-05,0.00021763295829560955,-0.0004591594249998763,0.00015344660812137127,5.4249206128390454e-05,1.2234816484474786e-05,0.00010824784832947536,-0.00016633816516228641,-9.714419446924177e-05,-1.8138546491349093e-05,-7.049549883540035e-05,-0.0001021107161464456,0.00020026317322085682,-2.6284677850031413e-05,-9.186331299972194e-05,-0.0002564555063988658,9.717699585924123e-05,0.0002216284138429244,-0.0001953353163338231,0.00044014784251111225,0.0001126965225099827,-0.00021421808050541138,-5.242754229117554e-05,-5.904706747363552e-06,9.414555717607588e-05,-0.00012993037279774588,0.00043114044837069484,0.00018543874289302732,1.4836539624592447e-05,0.00024375975320586242,1.0388698644710197e-05,0.00038883343106172537,0.0002476089935754115,6.188401671631093,-4.657808819961856e-05,0.00014693797168361406,0.00011275828539267146,1.875555105126489e-05,-7.85310991702591e-06,-5.201197834984612e-05,-3.9914428012109056e-05
57,-0.00026731567913375906,-0.0002744182745792859,0.0001270065825992548,8.865245848097705e-05,2.62640236239777e-05,-2.9528728427454852e-05,-1.9874334126865383e-05,7.100655477080303e-05,-1.137712143650384e-05,-1.7871626580714995e-05,3.981998926171745e-05,0.00012502995046283333,5.8404595187136384e-05,0.00015435138047818178,-8.720899429106025e-05,-0.00015786823851792237,-6.009320733808139e-05,0.00012590189372085032,4.38535967341052e-05,-0.00010263742026446533,0.00011429027516054512,0.00018165357960851224,-1.2289716203199885e-06,7.712823601478651e-05,-7.245883572125235e-05,0.00012822256408760594,0.00010960679805803659,4.255949901453283e-06,2.912841428120058e-05,-2.581861391110646e-05,2.10577224552612e-05,3.937673994370322e-05,8.010612779082818e-05,-2.7326652722105043e-05,3.630371076318225e-05,-2.3175376228127257e-06,-0.00014764801875780892,5.301412654106992e-05,-9.976381004880329e-06,-3.2628668816156334e-05,6.876824014530012e-05,8.75030894544671e-05,-0.0003154023157268919,8.192798003006248e-05,0.00034750749660361353,5.295722793309967e-05,-5.160029067190815e-05,-1.4263048357686366e-05,-0.0001126009612696873,-8.40520697715304e-07,-5.250678398517783e-05,-4.466191989102311e-05,-5.811202342976016e-05,3.18040236024719e-05,1.5109328183114658e-05,5.847067242867558e-05,-4.657808819961856e-05,3.164246745648965,0.00013116450806390642,7.816083999158171e-05,6.269291737470229e-05,-2.208567922791182e-06,1.326792091956912e-05,3.310256834253218e-05
58,6.106039160923029e-05,-0.00010916351343067726,5.369128977637155e-05,-6.827569470731047e-05,0.00011133217205801612,5.612692143304776e-05,0.00011845030575752864,0.00020877234967824477,7.92429625344731e-06,-2.5481106244039383e-05,-3.9769470660144896e-05,-4.336675839053766e-05,-2.9340785244474828e-05,-6.713010021728314e-05,-8.127455762806381e-05,7.739398325671758e-05,-2.9753385273171952e-05,3.5965975127390497e-06,5.278584194725758e-05,7.078029896731614e-06,2.7757610027641152e-05,1.2209783677269159e-05,-2.979809912162129e-05,7.729645549494311e-05,-4.0225289035859986e-05,5.3197244938188885e-05,0.00012311184625232502,2.452282093896025e-05,-6.340408566097537e-05,-9.641559999523582e-05,-0.00016800263434111327,-0.00010953679397612556,-0.00010297026464971248,2.007117159899013e-05,-3.880170590108894e-05,3.7186059256361224e-05,0.0001505626192522751,-0.00017837291952476036,0.0002313029893759622,-9.107039549187981e-05,-7.118364829142644e-05,-4.1456437661311954e-05,-7.346709609792543e-05,-7.544755579590038e-05,0.00010402822606805155,-4.395751673839978e-05,0.00016822668250968234,9.239877718711864e-05,6.032547635369097e-08,8.465211717966982e-05,0.00011443956927024004,5.819248244468729e-06,0.00011606053349254509,3.795832456265596e-05,-2.9880196323436686e-05,-0.00016677222399168816,0.00014693797168361406,0.00013116450806390642,2.95199189685221,-0.00030467782568732607,-7.002161931972314e-05,1.3133475662551743e-06,-2.6288022035974482e-05,4.338597803289307e-06
59,-1.9984003430094127e-05,0.0003143793665356498,-0.00021211569639771954,9.600009050516702e-05,-0.00018101671671363068,1.212279360535999e-05,8.09350702849805e-05,-3.50555648282702e-05,1.7234130850922635e-05,0.0001070303988510394,0.00020816498836207298,0.0001228262325996168,-6.451452881064054e-05,-1.4573700853866276e-05,-0.000356459774900414,-0.00032185933945004584,-0.00026759535219264866,0.00028718797406500086,-6.555076959078366e-05,-0.0004833285572681991,0.00011839049302643743,-0.00021234220678992917,4.915070967132052e-05,1.7778808668138073e-05,-4.755747206380905e-05,-0.00015893912168014096,-0.00010297576227667204,0.00011372121860069789,7.343383035085607e-05,-8.655628531156812e-05,-0.00018065832337469024,-0.0001614391236801534,-0.00016441379366521962,0.00018430384683552908,0.00028794966663814856,0.00012141088649062948,-9.187050722473446e-05,0.0001667045001825795,-2.295469923158024e-05,0.00010482266233150778,0.00017382488576364355,-8.752503949726145e-05,-0.0003424586398117155,5.431546792831004e-05,0.0003097668516641729,0.00013209267676457965,8.128263720340732e-05,-6.90108248919341e-05,-0.0001394287211396565,1.9582218641359676e-05,-0.00010548886379662305,0.000324847709668273,-0.0003359436527817788,0.0001597882585775171,0.00021635299574296652,-0.00013499453995880108,0.00011275828539267146,7.816083999158171e-05,-0.00030467782568732607,7.331714264211241,2.833323741075164e-05,-1.7444575085068787e-05,-9.963840894263874e-05,-4.212563276186463e-05
60,-3.973653286737914e-05,-3.011453241204835e-05,1.7108823700539247e-06,2.3774434327997727e-05,-6.448219293560064e-05,-5.9619217592283194e-05,-2.372424680885072e-05,-5.097102513637274e-05,1.515082863626903e-05,2.189317478163147e-05,7.7444511014846e-05,-1.0270422118759628e-05,6.6041378695795375e-06,-5.3088631838832725e-06,-5.350013841367896e-05,1.4341455578533352e-05,2.1394186172904867e-05,-7.32015043299201e-05,7.429366720813264e-05,0.00010301865716409221,8.730825236982093e-06,-0.0001210831330353794,-5.801246155326074e-05,3.0216415535553046e-05,-8.308684488014895e-05,-6.121359947261872e-05,2.4376807802291047e-05,8.18730492495326e-05,-2.411127637126378e-05,-3.9270532548711627e-05,5.187488932191708e-05,-1.4298499225876773e-05,2.19127022593797e-05,-9.055283325108668e-05,3.0408674573055693e-05,0.0001064478410757921,3.1465933226609784e-05,2.0963803487278606e-05,8.115447757590145e-05,1.0230089092291338e-05,1.4925545739432234e-05,-4.7108319110712407e-05,8.35008702857086e-05,4.62401613524729e-05,4.762358799499199e-05,-2.0117137441798594e-05,-8.156490763649968e-05,3.624618696362535e-05,-1.8917594479792387e-05,9.323942849699636e-05,-0.00010654951004901812,-2.4170947187729804e-05,5.287902594700032e-05,-7.743121236765602e-05,-8.735070257644885e-05,-1.128306949085402e-06,1.875555105126489e-05,6.269291737470229e-05,-7.002161931972314e-05,2.833323741075164e-05,0.9082872349477888,-1.8484636254077366e-05,9.616075111842203e-05,3.2574390435853214e-05
61,-6.324415352943962e-05,0.0001105187428114379,-0.00010508215477122949,-0.0001927472548731827,8.152803060622645e-05,-9.57478929116532e-05,1.1307505101094102e-05,-7.794594200510104e-05,-2.1611049745914246e-05,-0.00011400835988820155,-4.828897451412043e-05,9.679793994934999e-05,0.00012165980508937538,-0.00012061316804334459,-8.549673253577978e-05,-0.0002468350473366079,-6.945377955747279e-05,-0.0002361355806483306,3.7335928473212403e-06,8.0327735983604e-05,-4.636032030578852e-05,0.00019225205263353158,-0.00010337396922037923,-0.00012992291986226525,0.00014423648089645607,7.429461526432797e-05,7.874802076770042e-06,2.0783895481727247e-05,-6.049842087416139e-06,6.40791079925047e-05,-5.301007880231955e-05,-9.252814635947674e-05,0.00011307422620818499,-1.3727184937356359e-05,-8.147387560074252e-05,-8.252869393385255e-05,3.759435901982378e-05,-7.505853509750554e-05,-5.066032716183005e-05,-5.5847613009273716e-05,4.8104098422113205e-05,5.045195439050739e-05,0.000174487016776161,1.4162118098949625e-05,0.00024331976692946086,0.00019345757169820499,3.6941433859124236e-05,0.00010033784721741947,-0.00012336438237863347,0.0001597356752211997,-0.00011513576335817162,0.00015286945170576787,1.2692798404735394e-05,0.00010993692908930335,-6.0771516405254467e-05,-9.019040987091247e-05,-7.85310991702591e-06,-2.208567922791182e-06,1.3133475662551743e-06,-1.7444575085068787e-05,-1.8484636254077366e-05,2.8320508683548633,9.584444667257687e-05,4.003198628067775e-05
62,0.00010048392843401403,0.0002766787721556592,0.0003011775643284645,-1.3954951207073588e-05,0.0003590659974964037,-0.0003824163617052466,-0.0001917081499080836,0.00019102517408341993,7.492120100991246e-05,-1.575899696088792e-05,-0.00013923411633442646,-0.00014337080945452248,0.00025990701020394926,-0.0002907456099304342,-0.00010433412223292114,-9.628920464783e-05,-1.1734877066426017e-05,0.0001745170891497674,-5.434254072985606e-05,-0.000652020415720868,-0.0002013249586884038,-0.00035261613066004494,-1.0102988770942736e-05,7.984844283848696e-05,1.883854009667571e-05,-0.00019834540653688255,-0.00011413715974182037,5.652175561541095e-05,-8.681521727156183e-05,-9.526865728014686e-05,6.966365936676885e-05,2.2256165630277883e-05,0.00016509119276326918,-0.00025187633566878785,0.00014597630936439567,0.00018576537496448083,-0.00012822425635242054,7.798423163561643e-05,-0.0001853067590583651,-9.160543308226692e-05,3.511225682296467e-05,9.296145337297403e-05,0.0001863904738534107,-0.00011617750418826248,-0.0001456345929253368,5.92967973139954e-05,-5.5896527033197596e-05,0.00023152002049370288,5.318571728830821e-05,0.00020384376268112745,-0.00011863370716703062,-0.00024209783337122073,-0.0001118611256001633,3.8923082002940984e-05,-0.00018257440685790947,-0.00014975271998033383,-5.201197834984612e-05,1.326792091956912e-05,-2.6288022035974482e-05,-9.963840894263874e-05,9.616075111842203e-05,9.584444667257687e-05,5.812848980627518,-3.246441604549586e-05
63,-3.316964159235562e-06,-8.7105080980748e-05,8.12278176327102e-05,-9.445307672853554e-05,-3.780154307186959e-05,-9.180895438977764e-05,0.00012474015975325842,-9.772824693154116e-05,2.2701723650769233e-05,5.0089034439058465e-05,9.341301505536826e-05,9.332517877309065e-06,1.797133669365911e-05,3.697359429683346e-05,0.00010334477717314549,5.054486342627798e-05,-2.7512515035340575e-05,0.00014514654385223844,3.0623781764329106e-06,6.359109539490062e-05,-9.035645844060106e-05,0.00012311869462387347,-2.3842033678195445e-05,4.828003484303183e-05,-6.4001810026243e-05,-0.00017529475961383136,8.99094191561383e-05,-0.00016523131136706294,-4.7270448188994575e-07,-0.000119105756711716,-8.570628965285369e-08,-2.0127236010853028e-05,2.9956640473699076e-05,-2.1433489197475595e-05,9.772958410632267e-06,0.00029485092732618105,-0.00010270272705670417,-0.0001691984267517255,7.552307465739478e-05,-6.568657194763734e-05,7.769855528094708e-05,-9.742952014061282e-05,-0.00021846383514325342,-0.00013961994458768236,-5.257553494160584e-05,-4.640302433304304e-05,-3.104335458637145e-05,-5.225132105495135e-05,4.914449709536487e-05,-0.00010595791149136339,0.00018396913431757085,-0.00015233651360757632,-2.192029159405112e-05,-9.6776705858799e-05,0.000227818560482649,-1.0313255714897493e-05,-3.9914428012109056e-05,3.310256834253218e-05,4.338597803289307e-06,-4.212563276186463e-05,3.2574390435853214e-05,4.003198628067775e-05,-3.246441604549586e-05,2.6466756638374864
